DriverNumber,BroadcastName,Abbreviation,DriverId,TeamName,TeamColor,TeamId,FirstName,LastName,FullName,HeadshotUrl,CountryCode,Position,ClassifiedPosition,GridPosition,Q1,Q2,Q3,Time,Status,Points,round,cum_points,driver_standing,cum_driver_wins,construct_points,cum_constructor_wins,construct_rank,year
1,M VERSTAPPEN,VER,max_verstappen,Red Bull Racing,3671c6,red_bull,Max,Verstappen,Max Verstappen,https://media.formula1.com/d_driver_fallback_image.png/content/dam/fom-website/drivers/M/MAXVER01_Max_Verstappen/maxver01.png.transform/1col/image.png,NED,1.0,1,1.0,,,,0 days 01:31:44.742000,Finished,26.0,1,26.0,1.0,1.0,44.0,1.0,1.0,2024
11,S PEREZ,PER,perez,Red Bull Racing,3671c6,red_bull,Sergio,Perez,Sergio Perez,https://media.formula1.com/d_driver_fallback_image.png/content/dam/fom-website/drivers/S/SERPER01_Sergio_Perez/serper01.png.transform/1col/image.png,MEX,2.0,2,5.0,,,,0 days 00:00:22.457000,Finished,18.0,1,18.0,2.0,0.0,44.0,1.0,1.0,2024
55,C SAINZ,SAI,sainz,Ferrari,e8002d,ferrari,Carlos,Sainz,Carlos Sainz,https://media.formula1.com/d_driver_fallback_image.png/content/dam/fom-website/drivers/C/CARSAI01_Carlos_Sainz/carsai01.png.transform/1col/image.png,ESP,3.0,3,4.0,,,,0 days 00:00:25.110000,Finished,15.0,1,15.0,3.0,0.0,27.0,0.0,2.0,2024
16,C LECLERC,LEC,leclerc,Ferrari,e8002d,ferrari,Charles,Leclerc,Charles Leclerc,https://media.formula1.com/d_driver_fallback_image.png/content/dam/fom-website/drivers/C/CHALEC01_Charles_Leclerc/chalec01.png.transform/1col/image.png,MON,4.0,4,2.0,,,,0 days 00:00:39.669000,Finished,12.0,1,12.0,4.0,0.0,27.0,0.0,2.0,2024
63,G RUSSELL,RUS,russell,Mercedes,27f4d2,mercedes,George,Russell,George Russell,https://media.formula1.com/d_driver_fallback_image.png/content/dam/fom-website/drivers/G/GEORUS01_George_Russell/georus01.png.transform/1col/image.png,GBR,5.0,5,3.0,,,,0 days 00:00:46.788000,Finished,10.0,1,10.0,5.0,0.0,16.0,0.0,3.0,2024
4,L NORRIS,NOR,norris,McLaren,ff8000,mclaren,Lando,Norris,Lando Norris,https://media.formula1.com/d_driver_fallback_image.png/content/dam/fom-website/drivers/L/LANNOR01_Lando_Norris/lannor01.png.transform/1col/image.png,GBR,6.0,6,7.0,,,,0 days 00:00:48.458000,Finished,8.0,1,8.0,6.0,0.0,12.0,0.0,4.0,2024
44,L HAMILTON,HAM,hamilton,Mercedes,27f4d2,mercedes,Lewis,Hamilton,Lewis Hamilton,https://media.formula1.com/d_driver_fallback_image.png/content/dam/fom-website/drivers/L/LEWHAM01_Lewis_Hamilton/lewham01.png.transform/1col/image.png,GBR,7.0,7,9.0,,,,0 days 00:00:50.324000,Finished,6.0,1,6.0,7.0,0.0,16.0,0.0,3.0,2024
81,O PIASTRI,PIA,piastri,McLaren,ff8000,mclaren,Oscar,Piastri,Oscar Piastri,https://media.formula1.com/d_driver_fallback_image.png/content/dam/fom-website/drivers/O/OSCPIA01_Oscar_Piastri/oscpia01.png.transform/1col/image.png,AUS,8.0,8,8.0,,,,0 days 00:00:56.082000,Finished,4.0,1,4.0,8.0,0.0,12.0,0.0,4.0,2024
14,F ALONSO,ALO,alonso,Aston Martin,229971,aston_martin,Fernando,Alonso,Fernando Alonso,https://media.formula1.com/d_driver_fallback_image.png/content/dam/fom-website/drivers/F/FERALO01_Fernando_Alonso/feralo01.png.transform/1col/image.png,ESP,9.0,9,6.0,,,,0 days 00:01:14.887000,Finished,2.0,1,2.0,9.0,0.0,3.0,0.0,5.0,2024
18,L STROLL,STR,stroll,Aston Martin,229971,aston_martin,Lance,Stroll,Lance Stroll,https://media.formula1.com/d_driver_fallback_image.png/content/dam/fom-website/drivers/L/LANSTR01_Lance_Stroll/lanstr01.png.transform/1col/image.png,CAN,10.0,10,12.0,,,,0 days 00:01:33.216000,Finished,1.0,1,1.0,10.0,0.0,3.0,0.0,5.0,2024
24,G ZHOU,ZHO,zhou,Kick Sauber,52e252,sauber,Guanyu,Zhou,Guanyu Zhou,https://media.formula1.com/d_driver_fallback_image.png/content/dam/fom-website/drivers/G/GUAZHO01_Guanyu_Zhou/guazho01.png.transform/1col/image.png,CHN,11.0,11,17.0,,,,,+1 Lap,0.0,1,0.0,11.0,0.0,0.0,0.0,6.0,2024
20,K MAGNUSSEN,MAG,kevin_magnussen,Haas F1 Team,b6babd,haas,Kevin,Magnussen,Kevin Magnussen,https://media.formula1.com/d_driver_fallback_image.png/content/dam/fom-website/drivers/K/KEVMAG01_Kevin_Magnussen/kevmag01.png.transform/1col/image.png,DEN,12.0,12,15.0,,,,,+1 Lap,0.0,1,0.0,12.0,0.0,0.0,0.0,7.0,2024
3,D RICCIARDO,RIC,ricciardo,RB,6692ff,rb,Daniel,Ricciardo,Daniel Ricciardo,https://media.formula1.com/d_driver_fallback_image.png/content/dam/fom-website/drivers/D/DANRIC01_Daniel_Ricciardo/danric01.png.transform/1col/image.png,AUS,13.0,13,14.0,,,,,+1 Lap,0.0,1,0.0,13.0,0.0,0.0,0.0,8.0,2024
22,Y TSUNODA,TSU,tsunoda,RB,6692ff,rb,Yuki,Tsunoda,Yuki Tsunoda,https://media.formula1.com/d_driver_fallback_image.png/content/dam/fom-website/drivers/Y/YUKTSU01_Yuki_Tsunoda/yuktsu01.png.transform/1col/image.png,JPN,14.0,14,11.0,,,,,+1 Lap,0.0,1,0.0,14.0,0.0,0.0,0.0,8.0,2024
23,A ALBON,ALB,albon,Williams,64c4ff,williams,Alexander,Albon,Alexander Albon,https://media.formula1.com/d_driver_fallback_image.png/content/dam/fom-website/drivers/A/ALEALB01_Alexander_Albon/alealb01.png.transform/1col/image.png,THA,15.0,15,13.0,,,,,+1 Lap,0.0,1,0.0,15.0,0.0,0.0,0.0,9.0,2024
27,N HULKENBERG,HUL,hulkenberg,Haas F1 Team,b6babd,haas,Nico,Hulkenberg,Nico Hulkenberg,https://media.formula1.com/d_driver_fallback_image.png/content/dam/fom-website/drivers/N/NICHUL01_Nico_Hulkenberg/nichul01.png.transform/1col/image.png,GER,16.0,16,10.0,,,,,+1 Lap,0.0,1,0.0,16.0,0.0,0.0,0.0,7.0,2024
31,E OCON,OCO,ocon,Alpine,ff87bc,alpine,Esteban,Ocon,Esteban Ocon,https://media.formula1.com/d_driver_fallback_image.png/content/dam/fom-website/drivers/E/ESTOCO01_Esteban_Ocon/estoco01.png.transform/1col/image.png,FRA,17.0,17,19.0,,,,,+1 Lap,0.0,1,0.0,17.0,0.0,0.0,0.0,10.0,2024
10,P GASLY,GAS,gasly,Alpine,ff87bc,alpine,Pierre,Gasly,Pierre Gasly,https://media.formula1.com/d_driver_fallback_image.png/content/dam/fom-website/drivers/P/PIEGAS01_Pierre_Gasly/piegas01.png.transform/1col/image.png,FRA,18.0,18,20.0,,,,,+1 Lap,0.0,1,0.0,18.0,0.0,0.0,0.0,10.0,2024
77,V BOTTAS,BOT,bottas,Kick Sauber,52e252,sauber,Valtteri,Bottas,Valtteri Bottas,https://media.formula1.com/d_driver_fallback_image.png/content/dam/fom-website/drivers/V/VALBOT01_Valtteri_Bottas/valbot01.png.transform/1col/image.png,FIN,19.0,19,16.0,,,,,+1 Lap,0.0,1,0.0,19.0,0.0,0.0,0.0,6.0,2024
2,L SARGEANT,SAR,sargeant,Williams,64c4ff,williams,Logan,Sargeant,Logan Sargeant,https://media.formula1.com/d_driver_fallback_image.png/content/dam/fom-website/drivers/L/LOGSAR01_Logan_Sargeant/logsar01.png.transform/1col/image.png,USA,20.0,20,18.0,,,,,+2 Laps,0.0,1,0.0,20.0,0.0,0.0,0.0,9.0,2024
1,M VERSTAPPEN,VER,max_verstappen,Red Bull Racing,3671c6,red_bull,Max,Verstappen,Max Verstappen,https://media.formula1.com/d_driver_fallback_image.png/content/dam/fom-website/drivers/M/MAXVER01_Max_Verstappen/maxver01.png.transform/1col/image.png,NED,1.0,1,1.0,,,,0 days 01:20:43.273000,Finished,25.0,2,51.0,1.0,1.0,87.0,1.0,1.0,2024
11,S PEREZ,PER,perez,Red Bull Racing,3671c6,red_bull,Sergio,Perez,Sergio Perez,https://media.formula1.com/d_driver_fallback_image.png/content/dam/fom-website/drivers/S/SERPER01_Sergio_Perez/serper01.png.transform/1col/image.png,MEX,2.0,2,3.0,,,,0 days 00:00:13.643100,Finished,18.0,2,36.0,2.0,0.0,87.0,1.0,1.0,2024
16,C LECLERC,LEC,leclerc,Ferrari,e8002d,ferrari,Charles,Leclerc,Charles Leclerc,https://media.formula1.com/d_driver_fallback_image.png/content/dam/fom-website/drivers/C/CHALEC01_Charles_Leclerc/chalec01.png.transform/1col/image.png,MON,3.0,3,2.0,,,,0 days 00:00:18.639000,Finished,16.0,2,28.0,3.0,0.0,28.0,0.0,2.0,2024
81,O PIASTRI,PIA,piastri,McLaren,ff8000,mclaren,Oscar,Piastri,Oscar Piastri,https://media.formula1.com/d_driver_fallback_image.png/content/dam/fom-website/drivers/O/OSCPIA01_Oscar_Piastri/oscpia01.png.transform/1col/image.png,AUS,4.0,4,5.0,,,,0 days 00:00:32.007000,Finished,12.0,2,16.0,5.0,0.0,28.0,0.0,3.0,2024
14,F ALONSO,ALO,alonso,Aston Martin,229971,aston_martin,Fernando,Alonso,Fernando Alonso,https://media.formula1.com/d_driver_fallback_image.png/content/dam/fom-website/drivers/F/FERALO01_Fernando_Alonso/feralo01.png.transform/1col/image.png,ESP,5.0,5,4.0,,,,0 days 00:00:35.759000,Finished,10.0,2,12.0,6.0,0.0,13.0,0.0,5.0,2024
63,G RUSSELL,RUS,russell,Mercedes,27f4d2,mercedes,George,Russell,George Russell,https://media.formula1.com/d_driver_fallback_image.png/content/dam/fom-website/drivers/G/GEORUS01_George_Russell/georus01.png.transform/1col/image.png,GBR,6.0,6,7.0,,,,0 days 00:00:39.936000,Finished,8.0,2,18.0,4.0,0.0,26.0,0.0,4.0,2024
38,O BEARMAN,BEA,bearman,Ferrari,e8002d,ferrari,Oliver,Bearman,Oliver Bearman,None,GBR,7.0,7,11.0,,,,0 days 00:00:42.679000,Finished,6.0,2,,,0.0,28.0,0.0,2.0,2024
4,L NORRIS,NOR,norris,McLaren,ff8000,mclaren,Lando,Norris,Lando Norris,https://media.formula1.com/d_driver_fallback_image.png/content/dam/fom-website/drivers/L/LANNOR01_Lando_Norris/lannor01.png.transform/1col/image.png,GBR,8.0,8,6.0,,,,0 days 00:00:45.708000,Finished,4.0,2,12.0,7.0,0.0,28.0,0.0,3.0,2024
44,L HAMILTON,HAM,hamilton,Mercedes,27f4d2,mercedes,Lewis,Hamilton,Lewis Hamilton,https://media.formula1.com/d_driver_fallback_image.png/content/dam/fom-website/drivers/L/LEWHAM01_Lewis_Hamilton/lewham01.png.transform/1col/image.png,GBR,9.0,9,8.0,,,,0 days 00:00:47.391000,Finished,2.0,2,8.0,8.0,0.0,26.0,0.0,4.0,2024
27,N HULKENBERG,HUL,hulkenberg,Haas F1 Team,b6babd,haas,Nico,Hulkenberg,Nico Hulkenberg,https://media.formula1.com/d_driver_fallback_image.png/content/dam/fom-website/drivers/N/NICHUL01_Nico_Hulkenberg/nichul01.png.transform/1col/image.png,GER,10.0,10,15.0,,,,0 days 00:01:16.996000,Finished,1.0,2,1.0,9.0,0.0,1.0,0.0,6.0,2024
23,A ALBON,ALB,albon,Williams,64c4ff,williams,Alexander,Albon,Alexander Albon,https://media.formula1.com/d_driver_fallback_image.png/content/dam/fom-website/drivers/A/ALEALB01_Alexander_Albon/alealb01.png.transform/1col/image.png,THA,11.0,11,12.0,,,,0 days 00:01:28.354000,Finished,0.0,2,0.0,11.0,0.0,0.0,0.0,7.0,2024
20,K MAGNUSSEN,MAG,kevin_magnussen,Haas F1 Team,b6babd,haas,Kevin,Magnussen,Kevin Magnussen,https://media.formula1.com/d_driver_fallback_image.png/content/dam/fom-website/drivers/K/KEVMAG01_Kevin_Magnussen/kevmag01.png.transform/1col/image.png,DEN,12.0,12,13.0,,,,0 days 00:01:45.737300,Finished,0.0,2,0.0,12.0,0.0,1.0,0.0,6.0,2024
31,E OCON,OCO,ocon,Alpine,ff87bc,alpine,Esteban,Ocon,Esteban Ocon,https://media.formula1.com/d_driver_fallback_image.png/content/dam/fom-website/drivers/E/ESTOCO01_Esteban_Ocon/estoco01.png.transform/1col/image.png,FRA,13.0,13,17.0,,,,,+1 Lap,0.0,2,0.0,13.0,0.0,0.0,0.0,8.0,2024
2,L SARGEANT,SAR,sargeant,Williams,64c4ff,williams,Logan,Sargeant,Logan Sargeant,https://media.formula1.com/d_driver_fallback_image.png/content/dam/fom-website/drivers/L/LOGSAR01_Logan_Sargeant/logsar01.png.transform/1col/image.png,USA,14.0,14,19.0,,,,,+1 Lap,0.0,2,0.0,14.0,0.0,0.0,0.0,7.0,2024
22,Y TSUNODA,TSU,tsunoda,RB,6692ff,rb,Yuki,Tsunoda,Yuki Tsunoda,https://media.formula1.com/d_driver_fallback_image.png/content/dam/fom-website/drivers/Y/YUKTSU01_Yuki_Tsunoda/yuktsu01.png.transform/1col/image.png,JPN,15.0,15,9.0,,,,,+1 Lap,0.0,2,0.0,15.0,0.0,0.0,0.0,9.0,2024
3,D RICCIARDO,RIC,ricciardo,RB,6692ff,rb,Daniel,Ricciardo,Daniel Ricciardo,https://media.formula1.com/d_driver_fallback_image.png/content/dam/fom-website/drivers/D/DANRIC01_Daniel_Ricciardo/danric01.png.transform/1col/image.png,AUS,16.0,16,14.0,,,,,+1 Lap,0.0,2,0.0,16.0,0.0,0.0,0.0,9.0,2024
77,V BOTTAS,BOT,bottas,Kick Sauber,52e252,sauber,Valtteri,Bottas,Valtteri Bottas,https://media.formula1.com/d_driver_fallback_image.png/content/dam/fom-website/drivers/V/VALBOT01_Valtteri_Bottas/valbot01.png.transform/1col/image.png,FIN,17.0,17,16.0,,,,,+1 Lap,0.0,2,0.0,17.0,0.0,0.0,0.0,10.0,2024
24,G ZHOU,ZHO,zhou,Kick Sauber,52e252,sauber,Guanyu,Zhou,Guanyu Zhou,https://media.formula1.com/d_driver_fallback_image.png/content/dam/fom-website/drivers/G/GUAZHO01_Guanyu_Zhou/guazho01.png.transform/1col/image.png,CHN,18.0,18,20.0,,,,,+1 Lap,0.0,2,0.0,18.0,0.0,0.0,0.0,10.0,2024
18,L STROLL,STR,stroll,Aston Martin,229971,aston_martin,Lance,Stroll,Lance Stroll,https://media.formula1.com/d_driver_fallback_image.png/content/dam/fom-website/drivers/L/LANSTR01_Lance_Stroll/lanstr01.png.transform/1col/image.png,CAN,19.0,R,10.0,,,,,Accident,0.0,2,1.0,10.0,0.0,13.0,0.0,5.0,2024
10,P GASLY,GAS,gasly,Alpine,ff87bc,alpine,Pierre,Gasly,Pierre Gasly,https://media.formula1.com/d_driver_fallback_image.png/content/dam/fom-website/drivers/P/PIEGAS01_Pierre_Gasly/piegas01.png.transform/1col/image.png,FRA,20.0,R,18.0,,,,,Gearbox,0.0,2,0.0,19.0,0.0,0.0,0.0,8.0,2024
55,C SAINZ,SAI,sainz,Ferrari,E80020,ferrari,Carlos,Sainz,Carlos Sainz,https://media.formula1.com/d_driver_fallback_image.png/content/dam/fom-website/drivers/C/CARSAI01_Carlos_Sainz/carsai01.png.transform/1col/image.png,ESP,1.0,1,2.0,,,,0 days 01:20:26.843000,Finished,25.0,3,40.0,4.0,1.0,87.0,1.0,2.0,2024
16,C LECLERC,LEC,leclerc,Ferrari,E80020,ferrari,Charles,Leclerc,Charles Leclerc,https://media.formula1.com/d_driver_fallback_image.png/content/dam/fom-website/drivers/C/CHALEC01_Charles_Leclerc/chalec01.png.transform/1col/image.png,MON,2.0,2,4.0,,,,0 days 00:00:02.366000,Finished,19.0,3,47.0,2.0,0.0,87.0,1.0,2.0,2024
4,L NORRIS,NOR,norris,McLaren,FF8000,mclaren,Lando,Norris,Lando Norris,https://media.formula1.com/d_driver_fallback_image.png/content/dam/fom-website/drivers/L/LANNOR01_Lando_Norris/lannor01.png.transform/1col/image.png,GBR,3.0,3,3.0,,,,0 days 00:00:05.904000,Finished,15.0,3,27.0,6.0,0.0,55.0,0.0,3.0,2024
81,O PIASTRI,PIA,piastri,McLaren,FF8000,mclaren,Oscar,Piastri,Oscar Piastri,https://media.formula1.com/d_driver_fallback_image.png/content/dam/fom-website/drivers/O/OSCPIA01_Oscar_Piastri/oscpia01.png.transform/1col/image.png,AUS,4.0,4,5.0,,,,0 days 00:00:35.770000,Finished,12.0,3,28.0,5.0,0.0,55.0,0.0,3.0,2024
11,S PEREZ,PER,perez,Red Bull Racing,3671C6,red_bull,Sergio,Perez,Sergio Perez,https://media.formula1.com/d_driver_fallback_image.png/content/dam/fom-website/drivers/S/SERPER01_Sergio_Perez/serper01.png.transform/1col/image.png,MEX,5.0,5,6.0,,,,0 days 00:00:56.309000,Finished,10.0,3,46.0,3.0,0.0,97.0,1.0,1.0,2024
18,L STROLL,STR,stroll,Aston Martin,229971,aston_martin,Lance,Stroll,Lance Stroll,https://media.formula1.com/d_driver_fallback_image.png/content/dam/fom-website/drivers/L/LANSTR01_Lance_Stroll/lanstr01.png.transform/1col/image.png,CAN,6.0,6,9.0,,,,0 days 00:01:33.222000,Finished,8.0,3,9.0,9.0,0.0,25.0,0.0,5.0,2024
22,Y TSUNODA,TSU,tsunoda,RB,6692FF,rb,Yuki,Tsunoda,Yuki Tsunoda,https://media.formula1.com/d_driver_fallback_image.png/content/dam/fom-website/drivers/Y/YUKTSU01_Yuki_Tsunoda/yuktsu01.png.transform/1col/image.png,JPN,7.0,7,8.0,,,,0 days 00:01:35.601000,Finished,6.0,3,6.0,11.0,0.0,6.0,0.0,6.0,2024
14,F ALONSO,ALO,alonso,Aston Martin,229971,aston_martin,Fernando,Alonso,Fernando Alonso,https://media.formula1.com/d_driver_fallback_image.png/content/dam/fom-website/drivers/F/FERALO01_Fernando_Alonso/feralo01.png.transform/1col/image.png,ESP,8.0,8,10.0,,,,0 days 00:01:40.992000,Finished,4.0,3,16.0,8.0,0.0,25.0,0.0,5.0,2024
27,N HULKENBERG,HUL,hulkenberg,Haas F1 Team,B6BABD,haas,Nico,Hulkenberg,Nico Hulkenberg,https://media.formula1.com/d_driver_fallback_image.png/content/dam/fom-website/drivers/N/NICHUL01_Nico_Hulkenberg/nichul01.png.transform/1col/image.png,GER,9.0,9,16.0,,,,0 days 00:01:44.553000,Finished,2.0,3,3.0,12.0,0.0,4.0,0.0,7.0,2024
20,K MAGNUSSEN,MAG,kevin_magnussen,Haas F1 Team,B6BABD,haas,Kevin,Magnussen,Kevin Magnussen,https://media.formula1.com/d_driver_fallback_image.png/content/dam/fom-website/drivers/K/KEVMAG01_Kevin_Magnussen/kevmag01.png.transform/1col/image.png,DEN,10.0,10,14.0,,,,,+1 Lap,1.0,3,1.0,13.0,0.0,4.0,0.0,7.0,2024
23,A ALBON,ALB,albon,Williams,64C4FF,williams,Alexander,Albon,Alexander Albon,https://media.formula1.com/d_driver_fallback_image.png/content/dam/fom-website/drivers/A/ALEALB01_Alexander_Albon/alealb01.png.transform/1col/image.png,THA,11.0,11,12.0,,,,,+1 Lap,0.0,3,0.0,14.0,0.0,0.0,0.0,8.0,2024
3,D RICCIARDO,RIC,ricciardo,RB,6692FF,rb,Daniel,Ricciardo,Daniel Ricciardo,https://media.formula1.com/d_driver_fallback_image.png/content/dam/fom-website/drivers/D/DANRIC01_Daniel_Ricciardo/danric01.png.transform/1col/image.png,AUS,12.0,12,18.0,,,,,+1 Lap,0.0,3,0.0,15.0,0.0,6.0,0.0,6.0,2024
10,P GASLY,GAS,gasly,Alpine,0093cc,alpine,Pierre,Gasly,Pierre Gasly,https://media.formula1.com/d_driver_fallback_image.png/content/dam/fom-website/drivers/P/PIEGAS01_Pierre_Gasly/piegas01.png.transform/1col/image.png,FRA,13.0,13,17.0,,,,,+1 Lap,0.0,3,0.0,16.0,0.0,0.0,0.0,9.0,2024
77,V BOTTAS,BOT,bottas,Kick Sauber,52e252,sauber,Valtteri,Bottas,Valtteri Bottas,https://media.formula1.com/d_driver_fallback_image.png/content/dam/fom-website/drivers/V/VALBOT01_Valtteri_Bottas/valbot01.png.transform/1col/image.png,FIN,14.0,14,13.0,,,,,+1 Lap,0.0,3,0.0,17.0,0.0,0.0,0.0,10.0,2024
24,G ZHOU,ZHO,zhou,Kick Sauber,52e252,sauber,Guanyu,Zhou,Guanyu Zhou,https://media.formula1.com/d_driver_fallback_image.png/content/dam/fom-website/drivers/G/GUAZHO01_Guanyu_Zhou/guazho01.png.transform/1col/image.png,CHN,15.0,15,19.0,,,,,+1 Lap,0.0,3,0.0,18.0,0.0,0.0,0.0,10.0,2024
31,E OCON,OCO,ocon,Alpine,0093cc,alpine,Esteban,Ocon,Esteban Ocon,https://media.formula1.com/d_driver_fallback_image.png/content/dam/fom-website/drivers/E/ESTOCO01_Esteban_Ocon/estoco01.png.transform/1col/image.png,FRA,16.0,16,15.0,,,,,+1 Lap,0.0,3,0.0,19.0,0.0,0.0,0.0,9.0,2024
63,G RUSSELL,RUS,russell,Mercedes,27F4D2,mercedes,George,Russell,George Russell,https://media.formula1.com/d_driver_fallback_image.png/content/dam/fom-website/drivers/G/GEORUS01_George_Russell/georus01.png.transform/1col/image.png,GBR,17.0,17,7.0,,,,,Accident,0.0,3,18.0,7.0,0.0,26.0,0.0,4.0,2024
44,L HAMILTON,HAM,hamilton,Mercedes,27F4D2,mercedes,Lewis,Hamilton,Lewis Hamilton,https://media.formula1.com/d_driver_fallback_image.png/content/dam/fom-website/drivers/L/LEWHAM01_Lewis_Hamilton/lewham01.png.transform/1col/image.png,GBR,18.0,R,11.0,,,,,Engine,0.0,3,8.0,10.0,0.0,26.0,0.0,4.0,2024
1,M VERSTAPPEN,VER,max_verstappen,Red Bull Racing,3671C6,red_bull,Max,Verstappen,Max Verstappen,https://media.formula1.com/d_driver_fallback_image.png/content/dam/fom-website/drivers/M/MAXVER01_Max_Verstappen/maxver01.png.transform/1col/image.png,NED,19.0,R,1.0,,,,,Brakes,0.0,3,51.0,1.0,1.0,97.0,1.0,1.0,2024
1,M VERSTAPPEN,VER,max_verstappen,Red Bull Racing,3671C6,red_bull,Max,Verstappen,Max Verstappen,https://media.formula1.com/d_driver_fallback_image.png/content/dam/fom-website/drivers/M/MAXVER01_Max_Verstappen/maxver01.png.transform/1col/image.png,NED,1.0,1,1.0,,,,0 days 01:54:23.566000,Finished,26.0,4,77.0,1.0,2.0,141.0,2.0,1.0,2024
11,S PEREZ,PER,perez,Red Bull Racing,3671C6,red_bull,Sergio,Perez,Sergio Perez,https://media.formula1.com/d_driver_fallback_image.png/content/dam/fom-website/drivers/S/SERPER01_Sergio_Perez/serper01.png.transform/1col/image.png,MEX,2.0,2,2.0,,,,0 days 00:00:12.535000,Finished,18.0,4,64.0,2.0,0.0,141.0,2.0,1.0,2024
55,C SAINZ,SAI,sainz,Ferrari,E80020,ferrari,Carlos,Sainz,Carlos Sainz,https://media.formula1.com/d_driver_fallback_image.png/content/dam/fom-website/drivers/C/CARSAI01_Carlos_Sainz/carsai01.png.transform/1col/image.png,ESP,3.0,3,4.0,,,,0 days 00:00:20.866000,Finished,15.0,4,55.0,4.0,1.0,114.0,1.0,2.0,2024
16,C LECLERC,LEC,leclerc,Ferrari,E80020,ferrari,Charles,Leclerc,Charles Leclerc,https://media.formula1.com/d_driver_fallback_image.png/content/dam/fom-website/drivers/C/CHALEC01_Charles_Leclerc/chalec01.png.transform/1col/image.png,MON,4.0,4,8.0,,,,0 days 00:00:26.522000,Finished,12.0,4,59.0,3.0,0.0,114.0,1.0,2.0,2024
4,L NORRIS,NOR,norris,McLaren,FF8000,mclaren,Lando,Norris,Lando Norris,https://media.formula1.com/d_driver_fallback_image.png/content/dam/fom-website/drivers/L/LANNOR01_Lando_Norris/lannor01.png.transform/1col/image.png,GBR,5.0,5,3.0,,,,0 days 00:00:29.700000,Finished,10.0,4,37.0,5.0,0.0,69.0,0.0,3.0,2024
14,F ALONSO,ALO,alonso,Aston Martin,229971,aston_martin,Fernando,Alonso,Fernando Alonso,https://media.formula1.com/d_driver_fallback_image.png/content/dam/fom-website/drivers/F/FERALO01_Fernando_Alonso/feralo01.png.transform/1col/image.png,ESP,6.0,6,5.0,,,,0 days 00:00:44.272000,Finished,8.0,4,24.0,7.0,0.0,33.0,0.0,5.0,2024
63,G RUSSELL,RUS,russell,Mercedes,27F4D2,mercedes,George,Russell,George Russell,https://media.formula1.com/d_driver_fallback_image.png/content/dam/fom-website/drivers/G/GEORUS01_George_Russell/georus01.png.transform/1col/image.png,GBR,7.0,7,9.0,,,,0 days 00:00:45.951000,Finished,6.0,4,24.0,8.0,0.0,34.0,0.0,4.0,2024
81,O PIASTRI,PIA,piastri,McLaren,FF8000,mclaren,Oscar,Piastri,Oscar Piastri,https://media.formula1.com/d_driver_fallback_image.png/content/dam/fom-website/drivers/O/OSCPIA01_Oscar_Piastri/oscpia01.png.transform/1col/image.png,AUS,8.0,8,6.0,,,,0 days 00:00:47.525000,Finished,4.0,4,32.0,6.0,0.0,69.0,0.0,3.0,2024
44,L HAMILTON,HAM,hamilton,Mercedes,27F4D2,mercedes,Lewis,Hamilton,Lewis Hamilton,https://media.formula1.com/d_driver_fallback_image.png/content/dam/fom-website/drivers/L/LEWHAM01_Lewis_Hamilton/lewham01.png.transform/1col/image.png,GBR,9.0,9,7.0,,,,0 days 00:00:48.626000,Finished,2.0,4,10.0,9.0,0.0,34.0,0.0,4.0,2024
22,Y TSUNODA,TSU,tsunoda,RB,6692FF,rb,Yuki,Tsunoda,Yuki Tsunoda,https://media.formula1.com/d_driver_fallback_image.png/content/dam/fom-website/drivers/Y/YUKTSU01_Yuki_Tsunoda/yuktsu01.png.transform/1col/image.png,JPN,10.0,10,10.0,,,,,+1 Lap,1.0,4,7.0,11.0,0.0,7.0,0.0,6.0,2024
27,N HULKENBERG,HUL,hulkenberg,Haas F1 Team,B6BABD,haas,Nico,Hulkenberg,Nico Hulkenberg,https://media.formula1.com/d_driver_fallback_image.png/content/dam/fom-website/drivers/N/NICHUL01_Nico_Hulkenberg/nichul01.png.transform/1col/image.png,GER,11.0,11,12.0,,,,,+1 Lap,0.0,4,3.0,12.0,0.0,4.0,0.0,7.0,2024
18,L STROLL,STR,stroll,Aston Martin,229971,aston_martin,Lance,Stroll,Lance Stroll,https://media.formula1.com/d_driver_fallback_image.png/content/dam/fom-website/drivers/L/LANSTR01_Lance_Stroll/lanstr01.png.transform/1col/image.png,CAN,12.0,12,16.0,,,,,+1 Lap,0.0,4,9.0,10.0,0.0,33.0,0.0,5.0,2024
20,K MAGNUSSEN,MAG,kevin_magnussen,Haas F1 Team,B6BABD,haas,Kevin,Magnussen,Kevin Magnussen,https://media.formula1.com/d_driver_fallback_image.png/content/dam/fom-website/drivers/K/KEVMAG01_Kevin_Magnussen/kevmag01.png.transform/1col/image.png,DEN,13.0,13,18.0,,,,,+1 Lap,0.0,4,1.0,13.0,0.0,4.0,0.0,7.0,2024
77,V BOTTAS,BOT,bottas,Kick Sauber,52e252,sauber,Valtteri,Bottas,Valtteri Bottas,https://media.formula1.com/d_driver_fallback_image.png/content/dam/fom-website/drivers/V/VALBOT01_Valtteri_Bottas/valbot01.png.transform/1col/image.png,FIN,14.0,14,13.0,,,,,+1 Lap,0.0,4,0.0,14.0,0.0,0.0,0.0,8.0,2024
31,E OCON,OCO,ocon,Alpine,0093cc,alpine,Esteban,Ocon,Esteban Ocon,https://media.formula1.com/d_driver_fallback_image.png/content/dam/fom-website/drivers/E/ESTOCO01_Esteban_Ocon/estoco01.png.transform/1col/image.png,FRA,15.0,15,15.0,,,,,+1 Lap,0.0,4,0.0,15.0,0.0,0.0,0.0,9.0,2024
10,P GASLY,GAS,gasly,Alpine,0093cc,alpine,Pierre,Gasly,Pierre Gasly,https://media.formula1.com/d_driver_fallback_image.png/content/dam/fom-website/drivers/P/PIEGAS01_Pierre_Gasly/piegas01.png.transform/1col/image.png,FRA,16.0,16,17.0,,,,,+1 Lap,0.0,4,0.0,16.0,0.0,0.0,0.0,9.0,2024
2,L SARGEANT,SAR,sargeant,Williams,64C4FF,williams,Logan,Sargeant,Logan Sargeant,https://media.formula1.com/d_driver_fallback_image.png/content/dam/fom-website/drivers/L/LOGSAR01_Logan_Sargeant/logsar01.png.transform/1col/image.png,USA,17.0,17,19.0,,,,,+1 Lap,0.0,4,0.0,17.0,0.0,0.0,0.0,10.0,2024
24,G ZHOU,ZHO,zhou,Kick Sauber,52e252,sauber,Guanyu,Zhou,Guanyu Zhou,https://media.formula1.com/d_driver_fallback_image.png/content/dam/fom-website/drivers/G/GUAZHO01_Guanyu_Zhou/guazho01.png.transform/1col/image.png,CHN,18.0,R,20.0,,,,,Gearbox,0.0,4,0.0,18.0,0.0,0.0,0.0,8.0,2024
3,D RICCIARDO,RIC,ricciardo,RB,6692FF,rb,Daniel,Ricciardo,Daniel Ricciardo,https://media.formula1.com/d_driver_fallback_image.png/content/dam/fom-website/drivers/D/DANRIC01_Daniel_Ricciardo/danric01.png.transform/1col/image.png,AUS,19.0,R,11.0,,,,,Accident,0.0,4,0.0,19.0,0.0,7.0,0.0,6.0,2024
23,A ALBON,ALB,albon,Williams,64C4FF,williams,Alexander,Albon,Alexander Albon,https://media.formula1.com/d_driver_fallback_image.png/content/dam/fom-website/drivers/A/ALEALB01_Alexander_Albon/alealb01.png.transform/1col/image.png,THA,20.0,R,14.0,,,,,Accident,0.0,4,0.0,20.0,0.0,0.0,0.0,10.0,2024
1,M VERSTAPPEN,VER,max_verstappen,Red Bull Racing,3671C6,red_bull,Max,Verstappen,Max Verstappen,https://media.formula1.com/d_driver_fallback_image.png/content/dam/fom-website/drivers/M/MAXVER01_Max_Verstappen/maxver01.png.transform/1col/image.png,NED,1.0,1,1.0,,,,0 days 01:40:52.554000,Finished,25.0,5,102.0,1.0,3.0,181.0,3.0,1.0,2024
4,L NORRIS,NOR,norris,McLaren,FF8000,mclaren,Lando,Norris,Lando Norris,https://media.formula1.com/d_driver_fallback_image.png/content/dam/fom-website/drivers/L/LANNOR01_Lando_Norris/lannor01.png.transform/1col/image.png,GBR,2.0,2,4.0,,,,0 days 00:00:13.773000,Finished,18.0,5,55.0,5.0,0.0,91.0,0.0,3.0,2024
11,S PEREZ,PER,perez,Red Bull Racing,3671C6,red_bull,Sergio,Perez,Sergio Perez,https://media.formula1.com/d_driver_fallback_image.png/content/dam/fom-website/drivers/S/SERPER01_Sergio_Perez/serper01.png.transform/1col/image.png,MEX,3.0,3,2.0,,,,0 days 00:00:19.160000,Finished,15.0,5,79.0,2.0,0.0,181.0,3.0,1.0,2024
16,C LECLERC,LEC,leclerc,Ferrari,E80020,ferrari,Charles,Leclerc,Charles Leclerc,https://media.formula1.com/d_driver_fallback_image.png/content/dam/fom-website/drivers/C/CHALEC01_Charles_Leclerc/chalec01.png.transform/1col/image.png,MON,4.0,4,6.0,,,,0 days 00:00:23.623000,Finished,12.0,5,71.0,3.0,0.0,136.0,1.0,2.0,2024
55,C SAINZ,SAI,sainz,Ferrari,E80020,ferrari,Carlos,Sainz,Carlos Sainz,https://media.formula1.com/d_driver_fallback_image.png/content/dam/fom-website/drivers/C/CARSAI01_Carlos_Sainz/carsai01.png.transform/1col/image.png,ESP,5.0,5,7.0,,,,0 days 00:00:33.983000,Finished,10.0,5,65.0,4.0,1.0,136.0,1.0,2.0,2024
63,G RUSSELL,RUS,russell,Mercedes,27F4D2,mercedes,George,Russell,George Russell,https://media.formula1.com/d_driver_fallback_image.png/content/dam/fom-website/drivers/G/GEORUS01_George_Russell/georus01.png.transform/1col/image.png,GBR,6.0,6,8.0,,,,0 days 00:00:38.724000,Finished,8.0,5,32.0,7.0,0.0,44.0,0.0,4.0,2024
14,F ALONSO,ALO,alonso,Aston Martin,229971,aston_martin,Fernando,Alonso,Fernando Alonso,https://media.formula1.com/d_driver_fallback_image.png/content/dam/fom-website/drivers/F/FERALO01_Fernando_Alonso/feralo01.png.transform/1col/image.png,ESP,7.0,7,3.0,,,,0 days 00:00:43.414000,Finished,7.0,5,31.0,8.0,0.0,40.0,0.0,5.0,2024
81,O PIASTRI,PIA,piastri,McLaren,FF8000,mclaren,Oscar,Piastri,Oscar Piastri,https://media.formula1.com/d_driver_fallback_image.png/content/dam/fom-website/drivers/O/OSCPIA01_Oscar_Piastri/oscpia01.png.transform/1col/image.png,AUS,8.0,8,5.0,,,,0 days 00:00:56.198000,Finished,4.0,5,36.0,6.0,0.0,91.0,0.0,3.0,2024
44,L HAMILTON,HAM,hamilton,Mercedes,27F4D2,mercedes,Lewis,Hamilton,Lewis Hamilton,https://media.formula1.com/d_driver_fallback_image.png/content/dam/fom-website/drivers/L/LEWHAM01_Lewis_Hamilton/lewham01.png.transform/1col/image.png,GBR,9.0,9,18.0,,,,0 days 00:00:57.986000,Finished,2.0,5,12.0,9.0,0.0,44.0,0.0,4.0,2024
27,N HULKENBERG,HUL,hulkenberg,Haas F1 Team,B6BABD,haas,Nico,Hulkenberg,Nico Hulkenberg,https://media.formula1.com/d_driver_fallback_image.png/content/dam/fom-website/drivers/N/NICHUL01_Nico_Hulkenberg/nichul01.png.transform/1col/image.png,GER,10.0,10,9.0,,,,0 days 00:01:00.476000,Finished,1.0,5,4.0,12.0,0.0,5.0,0.0,7.0,2024
31,E OCON,OCO,ocon,Alpine,0093cc,alpine,Esteban,Ocon,Esteban Ocon,https://media.formula1.com/d_driver_fallback_image.png/content/dam/fom-website/drivers/E/ESTOCO01_Esteban_Ocon/estoco01.png.transform/1col/image.png,FRA,11.0,11,13.0,,,,0 days 00:01:02.812000,Finished,0.0,5,0.0,14.0,0.0,0.0,0.0,8.0,2024
23,A ALBON,ALB,albon,Williams,64C4FF,williams,Alexander,Albon,Alexander Albon,https://media.formula1.com/d_driver_fallback_image.png/content/dam/fom-website/drivers/A/ALEALB01_Alexander_Albon/alealb01.png.transform/1col/image.png,THA,12.0,12,14.0,,,,0 days 00:01:05.506000,Finished,0.0,5,0.0,15.0,0.0,0.0,0.0,9.0,2024
10,P GASLY,GAS,gasly,Alpine,0093cc,alpine,Pierre,Gasly,Pierre Gasly,https://media.formula1.com/d_driver_fallback_image.png/content/dam/fom-website/drivers/P/PIEGAS01_Pierre_Gasly/piegas01.png.transform/1col/image.png,FRA,13.0,13,15.0,,,,0 days 00:01:09.223000,Finished,0.0,5,0.0,16.0,0.0,0.0,0.0,8.0,2024
24,G ZHOU,ZHO,zhou,Kick Sauber,52e252,sauber,Guanyu,Zhou,Guanyu Zhou,https://media.formula1.com/d_driver_fallback_image.png/content/dam/fom-website/drivers/G/GUAZHO01_Guanyu_Zhou/guazho01.png.transform/1col/image.png,CHN,14.0,14,16.0,,,,0 days 00:01:11.689000,Finished,0.0,5,0.0,17.0,0.0,0.0,0.0,10.0,2024
18,L STROLL,STR,stroll,Aston Martin,229971,aston_martin,Lance,Stroll,Lance Stroll,https://media.formula1.com/d_driver_fallback_image.png/content/dam/fom-website/drivers/L/LANSTR01_Lance_Stroll/lanstr01.png.transform/1col/image.png,CAN,15.0,15,11.0,,,,0 days 00:01:22.786000,Finished,0.0,5,9.0,10.0,0.0,40.0,0.0,5.0,2024
20,K MAGNUSSEN,MAG,kevin_magnussen,Haas F1 Team,B6BABD,haas,Kevin,Magnussen,Kevin Magnussen,https://media.formula1.com/d_driver_fallback_image.png/content/dam/fom-website/drivers/K/KEVMAG01_Kevin_Magnussen/kevmag01.png.transform/1col/image.png,DEN,16.0,16,17.0,,,,0 days 00:01:27.533000,Finished,0.0,5,1.0,13.0,0.0,5.0,0.0,7.0,2024
2,L SARGEANT,SAR,sargeant,Williams,64C4FF,williams,Logan,Sargeant,Logan Sargeant,https://media.formula1.com/d_driver_fallback_image.png/content/dam/fom-website/drivers/L/LOGSAR01_Logan_Sargeant/logsar01.png.transform/1col/image.png,USA,17.0,17,20.0,,,,0 days 00:01:35.110000,Finished,0.0,5,0.0,18.0,0.0,0.0,0.0,9.0,2024
3,D RICCIARDO,RIC,ricciardo,RB,6692FF,rb,Daniel,Ricciardo,Daniel Ricciardo,https://media.formula1.com/d_driver_fallback_image.png/content/dam/fom-website/drivers/D/DANRIC01_Daniel_Ricciardo/danric01.png.transform/1col/image.png,AUS,18.0,R,12.0,,,,,Retired,0.0,5,0.0,19.0,0.0,7.0,0.0,6.0,2024
22,Y TSUNODA,TSU,tsunoda,RB,6692FF,rb,Yuki,Tsunoda,Yuki Tsunoda,https://media.formula1.com/d_driver_fallback_image.png/content/dam/fom-website/drivers/Y/YUKTSU01_Yuki_Tsunoda/yuktsu01.png.transform/1col/image.png,JPN,19.0,R,19.0,,,,,Retired,0.0,5,7.0,11.0,0.0,7.0,0.0,6.0,2024
77,V BOTTAS,BOT,bottas,Kick Sauber,52e252,sauber,Valtteri,Bottas,Valtteri Bottas,https://media.formula1.com/d_driver_fallback_image.png/content/dam/fom-website/drivers/V/VALBOT01_Valtteri_Bottas/valbot01.png.transform/1col/image.png,FIN,20.0,R,10.0,,,,,Retired,0.0,5,0.0,20.0,0.0,0.0,0.0,10.0,2024
4,L NORRIS,NOR,norris,McLaren,FF8000,mclaren,Lando,Norris,Lando Norris,https://media.formula1.com/d_driver_fallback_image.png/content/dam/fom-website/drivers/L/LANNOR01_Lando_Norris/lannor01.png.transform/1col/image.png,GBR,1.0,1,5.0,,,,0 days 01:30:49.876000,Finished,25.0,6,80.0,4.0,1.0,116.0,1.0,3.0,2024
1,M VERSTAPPEN,VER,max_verstappen,Red Bull Racing,3671C6,red_bull,Max,Verstappen,Max Verstappen,https://media.formula1.com/d_driver_fallback_image.png/content/dam/fom-website/drivers/M/MAXVER01_Max_Verstappen/maxver01.png.transform/1col/image.png,NED,2.0,2,1.0,,,,0 days 00:00:07.612000,Finished,18.0,6,120.0,1.0,3.0,211.0,3.0,1.0,2024
16,C LECLERC,LEC,leclerc,Ferrari,E80020,ferrari,Charles,Leclerc,Charles Leclerc,https://media.formula1.com/d_driver_fallback_image.png/content/dam/fom-website/drivers/C/CHALEC01_Charles_Leclerc/chalec01.png.transform/1col/image.png,MON,3.0,3,2.0,,,,0 days 00:00:09.920000,Finished,15.0,6,86.0,3.0,0.0,161.0,1.0,2.0,2024
11,S PEREZ,PER,perez,Red Bull Racing,3671C6,red_bull,Sergio,Perez,Sergio Perez,https://media.formula1.com/d_driver_fallback_image.png/content/dam/fom-website/drivers/S/SERPER01_Sergio_Perez/serper01.png.transform/1col/image.png,MEX,4.0,4,4.0,,,,0 days 00:00:14.650000,Finished,12.0,6,91.0,2.0,0.0,211.0,3.0,1.0,2024
55,C SAINZ,SAI,sainz,Ferrari,E80020,ferrari,Carlos,Sainz,Carlos Sainz,https://media.formula1.com/d_driver_fallback_image.png/content/dam/fom-website/drivers/C/CARSAI01_Carlos_Sainz/carsai01.png.transform/1col/image.png,ESP,5.0,5,3.0,,,,0 days 00:00:16.407000,Finished,10.0,6,75.0,5.0,1.0,161.0,1.0,2.0,2024
44,L HAMILTON,HAM,hamilton,Mercedes,27F4D2,mercedes,Lewis,Hamilton,Lewis Hamilton,https://media.formula1.com/d_driver_fallback_image.png/content/dam/fom-website/drivers/L/LEWHAM01_Lewis_Hamilton/lewham01.png.transform/1col/image.png,GBR,6.0,6,8.0,,,,0 days 00:00:16.585000,Finished,8.0,6,20.0,9.0,0.0,56.0,0.0,4.0,2024
22,Y TSUNODA,TSU,tsunoda,RB,6692FF,rb,Yuki,Tsunoda,Yuki Tsunoda,https://media.formula1.com/d_driver_fallback_image.png/content/dam/fom-website/drivers/Y/YUKTSU01_Yuki_Tsunoda/yuktsu01.png.transform/1col/image.png,JPN,7.0,7,10.0,,,,0 days 00:00:26.185000,Finished,6.0,6,13.0,10.0,0.0,13.0,0.0,6.0,2024
63,G RUSSELL,RUS,russell,Mercedes,27F4D2,mercedes,George,Russell,George Russell,https://media.formula1.com/d_driver_fallback_image.png/content/dam/fom-website/drivers/G/GEORUS01_George_Russell/georus01.png.transform/1col/image.png,GBR,8.0,8,7.0,,,,0 days 00:00:34.789000,Finished,4.0,6,36.0,6.0,0.0,56.0,0.0,4.0,2024
14,F ALONSO,ALO,alonso,Aston Martin,229971,aston_martin,Fernando,Alonso,Fernando Alonso,https://media.formula1.com/d_driver_fallback_image.png/content/dam/fom-website/drivers/F/FERALO01_Fernando_Alonso/feralo01.png.transform/1col/image.png,ESP,9.0,9,15.0,,,,0 days 00:00:37.107000,Finished,2.0,6,33.0,8.0,0.0,42.0,0.0,5.0,2024
31,E OCON,OCO,ocon,Alpine,0093cc,alpine,Esteban,Ocon,Esteban Ocon,https://media.formula1.com/d_driver_fallback_image.png/content/dam/fom-website/drivers/E/ESTOCO01_Esteban_Ocon/estoco01.png.transform/1col/image.png,FRA,10.0,10,13.0,,,,0 days 00:00:39.746000,Finished,1.0,6,1.0,13.0,0.0,1.0,0.0,8.0,2024
27,N HULKENBERG,HUL,hulkenberg,Haas F1 Team,B6BABD,haas,Nico,Hulkenberg,Nico Hulkenberg,https://media.formula1.com/d_driver_fallback_image.png/content/dam/fom-website/drivers/N/NICHUL01_Nico_Hulkenberg/nichul01.png.transform/1col/image.png,GER,11.0,11,9.0,,,,0 days 00:00:40.789000,Finished,0.0,6,4.0,12.0,0.0,5.0,0.0,7.0,2024
10,P GASLY,GAS,gasly,Alpine,0093cc,alpine,Pierre,Gasly,Pierre Gasly,https://media.formula1.com/d_driver_fallback_image.png/content/dam/fom-website/drivers/P/PIEGAS01_Pierre_Gasly/piegas01.png.transform/1col/image.png,FRA,12.0,12,12.0,,,,0 days 00:00:44.958000,Finished,0.0,6,0.0,15.0,0.0,1.0,0.0,8.0,2024
81,O PIASTRI,PIA,piastri,McLaren,FF8000,mclaren,Oscar,Piastri,Oscar Piastri,https://media.formula1.com/d_driver_fallback_image.png/content/dam/fom-website/drivers/O/OSCPIA01_Oscar_Piastri/oscpia01.png.transform/1col/image.png,AUS,13.0,13,6.0,,,,0 days 00:00:49.756000,Finished,0.0,6,36.0,7.0,0.0,116.0,1.0,3.0,2024
24,G ZHOU,ZHO,zhou,Kick Sauber,52e252,sauber,Guanyu,Zhou,Guanyu Zhou,https://media.formula1.com/d_driver_fallback_image.png/content/dam/fom-website/drivers/G/GUAZHO01_Guanyu_Zhou/guazho01.png.transform/1col/image.png,CHN,14.0,14,19.0,,,,0 days 00:00:49.979000,Finished,0.0,6,0.0,16.0,0.0,0.0,0.0,9.0,2024
3,D RICCIARDO,RIC,ricciardo,RB,6692FF,rb,Daniel,Ricciardo,Daniel Ricciardo,https://media.formula1.com/d_driver_fallback_image.png/content/dam/fom-website/drivers/D/DANRIC01_Daniel_Ricciardo/danric01.png.transform/1col/image.png,AUS,15.0,15,20.0,,,,0 days 00:00:50.956000,Finished,0.0,6,0.0,17.0,0.0,13.0,0.0,6.0,2024
77,V BOTTAS,BOT,bottas,Kick Sauber,52e252,sauber,Valtteri,Bottas,Valtteri Bottas,https://media.formula1.com/d_driver_fallback_image.png/content/dam/fom-website/drivers/V/VALBOT01_Valtteri_Bottas/valbot01.png.transform/1col/image.png,FIN,16.0,16,16.0,,,,0 days 00:00:52.356000,Finished,0.0,6,0.0,18.0,0.0,0.0,0.0,9.0,2024
18,L STROLL,STR,stroll,Aston Martin,229971,aston_martin,Lance,Stroll,Lance Stroll,https://media.formula1.com/d_driver_fallback_image.png/content/dam/fom-website/drivers/L/LANSTR01_Lance_Stroll/lanstr01.png.transform/1col/image.png,CAN,17.0,17,11.0,,,,0 days 00:00:55.173000,Finished,0.0,6,9.0,11.0,0.0,42.0,0.0,5.0,2024
23,A ALBON,ALB,albon,Williams,64C4FF,williams,Alexander,Albon,Alexander Albon,https://media.formula1.com/d_driver_fallback_image.png/content/dam/fom-website/drivers/A/ALEALB01_Alexander_Albon/alealb01.png.transform/1col/image.png,THA,18.0,18,14.0,,,,0 days 00:01:16.091000,Finished,0.0,6,0.0,19.0,0.0,0.0,0.0,10.0,2024
20,K MAGNUSSEN,MAG,kevin_magnussen,Haas F1 Team,B6BABD,haas,Kevin,Magnussen,Kevin Magnussen,https://media.formula1.com/d_driver_fallback_image.png/content/dam/fom-website/drivers/K/KEVMAG01_Kevin_Magnussen/kevmag01.png.transform/1col/image.png,DEN,19.0,19,18.0,,,,0 days 00:01:24.683000,Finished,0.0,6,1.0,14.0,0.0,5.0,0.0,7.0,2024
2,L SARGEANT,SAR,sargeant,Williams,64C4FF,williams,Logan,Sargeant,Logan Sargeant,https://media.formula1.com/d_driver_fallback_image.png/content/dam/fom-website/drivers/L/LOGSAR01_Logan_Sargeant/logsar01.png.transform/1col/image.png,USA,20.0,R,17.0,,,,,Collision,0.0,6,0.0,20.0,0.0,0.0,0.0,10.0,2024
1,M VERSTAPPEN,VER,max_verstappen,Red Bull Racing,3671C6,red_bull,Max,Verstappen,Max Verstappen,https://media.formula1.com/d_driver_fallback_image.png/content/dam/fom-website/drivers/M/MAXVER01_Max_Verstappen/maxver01.png.transform/1col/image.png,NED,1.0,1,1.0,,,,0 days 01:25:25.252000,Finished,25.0,7,145.0,1.0,4.0,240.0,4.0,1.0,2024
4,L NORRIS,NOR,norris,McLaren,FF8000,mclaren,Lando,Norris,Lando Norris,https://media.formula1.com/d_driver_fallback_image.png/content/dam/fom-website/drivers/L/LANNOR01_Lando_Norris/lannor01.png.transform/1col/image.png,GBR,2.0,2,2.0,,,,0 days 00:00:00.725000,Finished,18.0,7,98.0,3.0,1.0,146.0,1.0,3.0,2024
16,C LECLERC,LEC,leclerc,Ferrari,E80020,ferrari,Charles,Leclerc,Charles Leclerc,https://media.formula1.com/d_driver_fallback_image.png/content/dam/fom-website/drivers/C/CHALEC01_Charles_Leclerc/chalec01.png.transform/1col/image.png,MON,3.0,3,3.0,,,,0 days 00:00:07.916000,Finished,15.0,7,101.0,2.0,0.0,186.0,1.0,2.0,2024
81,O PIASTRI,PIA,piastri,McLaren,FF8000,mclaren,Oscar,Piastri,Oscar Piastri,https://media.formula1.com/d_driver_fallback_image.png/content/dam/fom-website/drivers/O/OSCPIA01_Oscar_Piastri/oscpia01.png.transform/1col/image.png,AUS,4.0,4,5.0,,,,0 days 00:00:14.132000,Finished,12.0,7,48.0,6.0,0.0,146.0,1.0,3.0,2024
55,C SAINZ,SAI,sainz,Ferrari,E80020,ferrari,Carlos,Sainz,Carlos Sainz,https://media.formula1.com/d_driver_fallback_image.png/content/dam/fom-website/drivers/C/CARSAI01_Carlos_Sainz/carsai01.png.transform/1col/image.png,ESP,5.0,5,4.0,,,,0 days 00:00:22.325000,Finished,10.0,7,85.0,5.0,1.0,186.0,1.0,2.0,2024
44,L HAMILTON,HAM,hamilton,Mercedes,27F4D2,mercedes,Lewis,Hamilton,Lewis Hamilton,https://media.formula1.com/d_driver_fallback_image.png/content/dam/fom-website/drivers/L/LEWHAM01_Lewis_Hamilton/lewham01.png.transform/1col/image.png,GBR,6.0,6,8.0,,,,0 days 00:00:35.104000,Finished,8.0,7,28.0,9.0,0.0,71.0,0.0,4.0,2024
63,G RUSSELL,RUS,russell,Mercedes,27F4D2,mercedes,George,Russell,George Russell,https://media.formula1.com/d_driver_fallback_image.png/content/dam/fom-website/drivers/G/GEORUS01_George_Russell/georus01.png.transform/1col/image.png,GBR,7.0,7,6.0,,,,0 days 00:00:47.154000,Finished,7.0,7,43.0,7.0,0.0,71.0,0.0,4.0,2024
11,S PEREZ,PER,perez,Red Bull Racing,3671C6,red_bull,Sergio,Perez,Sergio Perez,https://media.formula1.com/d_driver_fallback_image.png/content/dam/fom-website/drivers/S/SERPER01_Sergio_Perez/serper01.png.transform/1col/image.png,MEX,8.0,8,11.0,,,,0 days 00:00:54.776000,Finished,4.0,7,95.0,4.0,0.0,240.0,4.0,1.0,2024
18,L STROLL,STR,stroll,Aston Martin,229971,aston_martin,Lance,Stroll,Lance Stroll,https://media.formula1.com/d_driver_fallback_image.png/content/dam/fom-website/drivers/L/LANSTR01_Lance_Stroll/lanstr01.png.transform/1col/image.png,CAN,9.0,9,13.0,,,,0 days 00:01:19.556000,Finished,2.0,7,11.0,11.0,0.0,44.0,0.0,5.0,2024
22,Y TSUNODA,TSU,tsunoda,RB,6692FF,rb,Yuki,Tsunoda,Yuki Tsunoda,https://media.formula1.com/d_driver_fallback_image.png/content/dam/fom-website/drivers/Y/YUKTSU01_Yuki_Tsunoda/yuktsu01.png.transform/1col/image.png,JPN,10.0,10,7.0,,,,,+1 Lap,1.0,7,14.0,10.0,0.0,14.0,0.0,6.0,2024
27,N HULKENBERG,HUL,hulkenberg,Haas F1 Team,B6BABD,haas,Nico,Hulkenberg,Nico Hulkenberg,https://media.formula1.com/d_driver_fallback_image.png/content/dam/fom-website/drivers/N/NICHUL01_Nico_Hulkenberg/nichul01.png.transform/1col/image.png,GER,11.0,11,10.0,,,,,+1 Lap,0.0,7,4.0,12.0,0.0,5.0,0.0,7.0,2024
20,K MAGNUSSEN,MAG,kevin_magnussen,Haas F1 Team,B6BABD,haas,Kevin,Magnussen,Kevin Magnussen,https://media.formula1.com/d_driver_fallback_image.png/content/dam/fom-website/drivers/K/KEVMAG01_Kevin_Magnussen/kevmag01.png.transform/1col/image.png,DEN,12.0,12,18.0,,,,,+1 Lap,0.0,7,1.0,13.0,0.0,5.0,0.0,7.0,2024
3,D RICCIARDO,RIC,ricciardo,RB,6692FF,rb,Daniel,Ricciardo,Daniel Ricciardo,https://media.formula1.com/d_driver_fallback_image.png/content/dam/fom-website/drivers/D/DANRIC01_Daniel_Ricciardo/danric01.png.transform/1col/image.png,AUS,13.0,13,9.0,,,,,+1 Lap,0.0,7,0.0,15.0,0.0,14.0,0.0,6.0,2024
31,E OCON,OCO,ocon,Alpine,0093cc,alpine,Esteban,Ocon,Esteban Ocon,https://media.formula1.com/d_driver_fallback_image.png/content/dam/fom-website/drivers/E/ESTOCO01_Esteban_Ocon/estoco01.png.transform/1col/image.png,FRA,14.0,14,12.0,,,,,+1 Lap,0.0,7,1.0,14.0,0.0,1.0,0.0,8.0,2024
24,G ZHOU,ZHO,zhou,Kick Sauber,52e252,sauber,Guanyu,Zhou,Guanyu Zhou,https://media.formula1.com/d_driver_fallback_image.png/content/dam/fom-website/drivers/G/GUAZHO01_Guanyu_Zhou/guazho01.png.transform/1col/image.png,CHN,15.0,15,17.0,,,,,+1 Lap,0.0,7,0.0,16.0,0.0,0.0,0.0,9.0,2024
10,P GASLY,GAS,gasly,Alpine,0093cc,alpine,Pierre,Gasly,Pierre Gasly,https://media.formula1.com/d_driver_fallback_image.png/content/dam/fom-website/drivers/P/PIEGAS01_Pierre_Gasly/piegas01.png.transform/1col/image.png,FRA,16.0,16,15.0,,,,,+1 Lap,0.0,7,0.0,17.0,0.0,1.0,0.0,8.0,2024
2,L SARGEANT,SAR,sargeant,Williams,64C4FF,williams,Logan,Sargeant,Logan Sargeant,https://media.formula1.com/d_driver_fallback_image.png/content/dam/fom-website/drivers/L/LOGSAR01_Logan_Sargeant/logsar01.png.transform/1col/image.png,USA,17.0,17,19.0,,,,,+1 Lap,0.0,7,0.0,18.0,0.0,0.0,0.0,10.0,2024
77,V BOTTAS,BOT,bottas,Kick Sauber,52e252,sauber,Valtteri,Bottas,Valtteri Bottas,https://media.formula1.com/d_driver_fallback_image.png/content/dam/fom-website/drivers/V/VALBOT01_Valtteri_Bottas/valbot01.png.transform/1col/image.png,FIN,18.0,18,16.0,,,,,+1 Lap,0.0,7,0.0,19.0,0.0,0.0,0.0,9.0,2024
14,F ALONSO,ALO,alonso,Aston Martin,229971,aston_martin,Fernando,Alonso,Fernando Alonso,https://media.formula1.com/d_driver_fallback_image.png/content/dam/fom-website/drivers/F/FERALO01_Fernando_Alonso/feralo01.png.transform/1col/image.png,ESP,19.0,19,20.0,,,,,+1 Lap,0.0,7,33.0,8.0,0.0,44.0,0.0,5.0,2024
23,A ALBON,ALB,albon,Williams,64C4FF,williams,Alexander,Albon,Alexander Albon,https://media.formula1.com/d_driver_fallback_image.png/content/dam/fom-website/drivers/A/ALEALB01_Alexander_Albon/alealb01.png.transform/1col/image.png,THA,20.0,R,14.0,,,,,Retired,0.0,7,0.0,20.0,0.0,0.0,0.0,10.0,2024
16,C LECLERC,LEC,leclerc,Ferrari,E80020,ferrari,Charles,Leclerc,Charles Leclerc,https://media.formula1.com/d_driver_fallback_image.png/content/dam/fom-website/drivers/C/CHALEC01_Charles_Leclerc/chalec01.png.transform/1col/image.png,MON,1.0,1,1.0,,,,0 days 02:23:15.554000,Finished,25.0,8,126.0,2.0,1.0,226.0,2.0,2.0,2024
81,O PIASTRI,PIA,piastri,McLaren,FF8000,mclaren,Oscar,Piastri,Oscar Piastri,https://media.formula1.com/d_driver_fallback_image.png/content/dam/fom-website/drivers/O/OSCPIA01_Oscar_Piastri/oscpia01.png.transform/1col/image.png,AUS,2.0,2,2.0,,,,0 days 00:00:07.152000,Finished,18.0,8,66.0,6.0,0.0,176.0,1.0,3.0,2024
55,C SAINZ,SAI,sainz,Ferrari,E80020,ferrari,Carlos,Sainz,Carlos Sainz,https://media.formula1.com/d_driver_fallback_image.png/content/dam/fom-website/drivers/C/CARSAI01_Carlos_Sainz/carsai01.png.transform/1col/image.png,ESP,3.0,3,3.0,,,,0 days 00:00:07.585000,Finished,15.0,8,100.0,4.0,1.0,226.0,2.0,2.0,2024
4,L NORRIS,NOR,norris,McLaren,FF8000,mclaren,Lando,Norris,Lando Norris,https://media.formula1.com/d_driver_fallback_image.png/content/dam/fom-website/drivers/L/LANNOR01_Lando_Norris/lannor01.png.transform/1col/image.png,GBR,4.0,4,4.0,,,,0 days 00:00:08.650000,Finished,12.0,8,110.0,3.0,1.0,176.0,1.0,3.0,2024
63,G RUSSELL,RUS,russell,Mercedes,27F4D2,mercedes,George,Russell,George Russell,https://media.formula1.com/d_driver_fallback_image.png/content/dam/fom-website/drivers/G/GEORUS01_George_Russell/georus01.png.transform/1col/image.png,GBR,5.0,5,5.0,,,,0 days 00:00:13.309000,Finished,10.0,8,53.0,7.0,0.0,88.0,0.0,4.0,2024
1,M VERSTAPPEN,VER,max_verstappen,Red Bull Racing,3671C6,red_bull,Max,Verstappen,Max Verstappen,https://media.formula1.com/d_driver_fallback_image.png/content/dam/fom-website/drivers/M/MAXVER01_Max_Verstappen/maxver01.png.transform/1col/image.png,NED,6.0,6,6.0,,,,0 days 00:00:13.853000,Finished,8.0,8,153.0,1.0,4.0,248.0,4.0,1.0,2024
44,L HAMILTON,HAM,hamilton,Mercedes,27F4D2,mercedes,Lewis,Hamilton,Lewis Hamilton,https://media.formula1.com/d_driver_fallback_image.png/content/dam/fom-website/drivers/L/LEWHAM01_Lewis_Hamilton/lewham01.png.transform/1col/image.png,GBR,7.0,7,7.0,,,,0 days 00:00:14.908000,Finished,7.0,8,35.0,8.0,0.0,88.0,0.0,4.0,2024
22,Y TSUNODA,TSU,tsunoda,RB,6692FF,rb,Yuki,Tsunoda,Yuki Tsunoda,https://media.formula1.com/d_driver_fallback_image.png/content/dam/fom-website/drivers/Y/YUKTSU01_Yuki_Tsunoda/yuktsu01.png.transform/1col/image.png,JPN,8.0,8,8.0,,,,,+1 Lap,4.0,8,18.0,10.0,0.0,18.0,0.0,6.0,2024
23,A ALBON,ALB,albon,Williams,64C4FF,williams,Alexander,Albon,Alexander Albon,https://media.formula1.com/d_driver_fallback_image.png/content/dam/fom-website/drivers/A/ALEALB01_Alexander_Albon/alealb01.png.transform/1col/image.png,THA,9.0,9,9.0,,,,,+1 Lap,2.0,8,2.0,13.0,0.0,2.0,0.0,8.0,2024
10,P GASLY,GAS,gasly,Alpine,0093cc,alpine,Pierre,Gasly,Pierre Gasly,https://media.formula1.com/d_driver_fallback_image.png/content/dam/fom-website/drivers/P/PIEGAS01_Pierre_Gasly/piegas01.png.transform/1col/image.png,FRA,10.0,10,10.0,,,,,+1 Lap,1.0,8,1.0,14.0,0.0,2.0,0.0,9.0,2024
14,F ALONSO,ALO,alonso,Aston Martin,229971,aston_martin,Fernando,Alonso,Fernando Alonso,https://media.formula1.com/d_driver_fallback_image.png/content/dam/fom-website/drivers/F/FERALO01_Fernando_Alonso/feralo01.png.transform/1col/image.png,ESP,11.0,11,14.0,,,,,+2 Laps,0.0,8,33.0,9.0,0.0,44.0,0.0,5.0,2024
3,D RICCIARDO,RIC,ricciardo,RB,6692FF,rb,Daniel,Ricciardo,Daniel Ricciardo,https://media.formula1.com/d_driver_fallback_image.png/content/dam/fom-website/drivers/D/DANRIC01_Daniel_Ricciardo/danric01.png.transform/1col/image.png,AUS,12.0,12,12.0,,,,,+2 Laps,0.0,8,0.0,17.0,0.0,18.0,0.0,6.0,2024
77,V BOTTAS,BOT,bottas,Kick Sauber,52e252,sauber,Valtteri,Bottas,Valtteri Bottas,https://media.formula1.com/d_driver_fallback_image.png/content/dam/fom-website/drivers/V/VALBOT01_Valtteri_Bottas/valbot01.png.transform/1col/image.png,FIN,13.0,13,17.0,,,,,+2 Laps,0.0,8,0.0,18.0,0.0,0.0,0.0,10.0,2024
18,L STROLL,STR,stroll,Aston Martin,229971,aston_martin,Lance,Stroll,Lance Stroll,https://media.formula1.com/d_driver_fallback_image.png/content/dam/fom-website/drivers/L/LANSTR01_Lance_Stroll/lanstr01.png.transform/1col/image.png,CAN,14.0,14,13.0,,,,,+2 Laps,0.0,8,11.0,11.0,0.0,44.0,0.0,5.0,2024
2,L SARGEANT,SAR,sargeant,Williams,64C4FF,williams,Logan,Sargeant,Logan Sargeant,https://media.formula1.com/d_driver_fallback_image.png/content/dam/fom-website/drivers/L/LOGSAR01_Logan_Sargeant/logsar01.png.transform/1col/image.png,USA,15.0,15,15.0,,,,,+2 Laps,0.0,8,0.0,19.0,0.0,2.0,0.0,8.0,2024
24,G ZHOU,ZHO,zhou,Kick Sauber,52e252,sauber,Guanyu,Zhou,Guanyu Zhou,https://media.formula1.com/d_driver_fallback_image.png/content/dam/fom-website/drivers/G/GUAZHO01_Guanyu_Zhou/guazho01.png.transform/1col/image.png,CHN,16.0,16,18.0,,,,,+2 Laps,0.0,8,0.0,20.0,0.0,0.0,0.0,10.0,2024
31,E OCON,OCO,ocon,Alpine,0093cc,alpine,Esteban,Ocon,Esteban Ocon,https://media.formula1.com/d_driver_fallback_image.png/content/dam/fom-website/drivers/E/ESTOCO01_Esteban_Ocon/estoco01.png.transform/1col/image.png,FRA,17.0,R,11.0,,,,,Collision,0.0,8,1.0,15.0,0.0,2.0,0.0,9.0,2024
11,S PEREZ,PER,perez,Red Bull Racing,3671C6,red_bull,Sergio,Perez,Sergio Perez,https://media.formula1.com/d_driver_fallback_image.png/content/dam/fom-website/drivers/S/SERPER01_Sergio_Perez/serper01.png.transform/1col/image.png,MEX,18.0,R,16.0,,,,,Collision,0.0,8,95.0,5.0,0.0,248.0,4.0,1.0,2024
27,N HULKENBERG,HUL,hulkenberg,Haas F1 Team,B6BABD,haas,Nico,Hulkenberg,Nico Hulkenberg,https://media.formula1.com/d_driver_fallback_image.png/content/dam/fom-website/drivers/N/NICHUL01_Nico_Hulkenberg/nichul01.png.transform/1col/image.png,GER,19.0,R,19.0,,,,,Collision,0.0,8,4.0,12.0,0.0,5.0,0.0,7.0,2024
20,K MAGNUSSEN,MAG,kevin_magnussen,Haas F1 Team,B6BABD,haas,Kevin,Magnussen,Kevin Magnussen,https://media.formula1.com/d_driver_fallback_image.png/content/dam/fom-website/drivers/K/KEVMAG01_Kevin_Magnussen/kevmag01.png.transform/1col/image.png,DEN,20.0,R,20.0,,,,,Collision,0.0,8,1.0,16.0,0.0,5.0,0.0,7.0,2024
1,M VERSTAPPEN,VER,max_verstappen,Red Bull Racing,3671C6,red_bull,Max,Verstappen,Max Verstappen,https://media.formula1.com/d_driver_fallback_image.png/content/dam/fom-website/drivers/M/MAXVER01_Max_Verstappen/maxver01.png.transform/1col/image.png,NED,1.0,1,2.0,,,,0 days 01:45:47.927000,Finished,25.0,9,178.0,1.0,5.0,273.0,5.0,1.0,2024
4,L NORRIS,NOR,norris,McLaren,FF8000,mclaren,Lando,Norris,Lando Norris,https://media.formula1.com/d_driver_fallback_image.png/content/dam/fom-website/drivers/L/LANNOR01_Lando_Norris/lannor01.png.transform/1col/image.png,GBR,2.0,2,3.0,,,,0 days 00:00:03.879000,Finished,18.0,9,128.0,2.0,1.0,204.0,1.0,3.0,2024
63,G RUSSELL,RUS,russell,Mercedes,27F4D2,mercedes,George,Russell,George Russell,https://media.formula1.com/d_driver_fallback_image.png/content/dam/fom-website/drivers/G/GEORUS01_George_Russell/georus01.png.transform/1col/image.png,GBR,3.0,3,1.0,,,,0 days 00:00:04.317000,Finished,15.0,9,68.0,7.0,0.0,116.0,0.0,4.0,2024
44,L HAMILTON,HAM,hamilton,Mercedes,27F4D2,mercedes,Lewis,Hamilton,Lewis Hamilton,https://media.formula1.com/d_driver_fallback_image.png/content/dam/fom-website/drivers/L/LEWHAM01_Lewis_Hamilton/lewham01.png.transform/1col/image.png,GBR,4.0,4,7.0,,,,0 days 00:00:04.915000,Finished,13.0,9,48.0,8.0,0.0,116.0,0.0,4.0,2024
81,O PIASTRI,PIA,piastri,McLaren,FF8000,mclaren,Oscar,Piastri,Oscar Piastri,https://media.formula1.com/d_driver_fallback_image.png/content/dam/fom-website/drivers/O/OSCPIA01_Oscar_Piastri/oscpia01.png.transform/1col/image.png,AUS,5.0,5,4.0,,,,0 days 00:00:10.199000,Finished,10.0,9,76.0,6.0,0.0,204.0,1.0,3.0,2024
14,F ALONSO,ALO,alonso,Aston Martin,229971,aston_martin,Fernando,Alonso,Fernando Alonso,https://media.formula1.com/d_driver_fallback_image.png/content/dam/fom-website/drivers/F/FERALO01_Fernando_Alonso/feralo01.png.transform/1col/image.png,ESP,6.0,6,6.0,,,,0 days 00:00:17.510000,Finished,8.0,9,41.0,9.0,0.0,58.0,0.0,5.0,2024
18,L STROLL,STR,stroll,Aston Martin,229971,aston_martin,Lance,Stroll,Lance Stroll,https://media.formula1.com/d_driver_fallback_image.png/content/dam/fom-website/drivers/L/LANSTR01_Lance_Stroll/lanstr01.png.transform/1col/image.png,CAN,7.0,7,9.0,,,,0 days 00:00:23.625000,Finished,6.0,9,17.0,11.0,0.0,58.0,0.0,5.0,2024
3,D RICCIARDO,RIC,ricciardo,RB,6692FF,rb,Daniel,Ricciardo,Daniel Ricciardo,https://media.formula1.com/d_driver_fallback_image.png/content/dam/fom-website/drivers/D/DANRIC01_Daniel_Ricciardo/danric01.png.transform/1col/image.png,AUS,8.0,8,5.0,,,,0 days 00:00:28.672000,Finished,4.0,9,4.0,12.0,0.0,22.0,0.0,6.0,2024
10,P GASLY,GAS,gasly,Alpine,0093cc,alpine,Pierre,Gasly,Pierre Gasly,https://media.formula1.com/d_driver_fallback_image.png/content/dam/fom-website/drivers/P/PIEGAS01_Pierre_Gasly/piegas01.png.transform/1col/image.png,FRA,9.0,9,15.0,,,,0 days 00:00:30.021000,Finished,2.0,9,3.0,14.0,0.0,5.0,0.0,7.0,2024
31,E OCON,OCO,ocon,Alpine,0093cc,alpine,Esteban,Ocon,Esteban Ocon,https://media.formula1.com/d_driver_fallback_image.png/content/dam/fom-website/drivers/E/ESTOCO01_Esteban_Ocon/estoco01.png.transform/1col/image.png,FRA,10.0,10,18.0,,,,0 days 00:00:30.313000,Finished,1.0,9,2.0,15.0,0.0,5.0,0.0,7.0,2024
27,N HULKENBERG,HUL,hulkenberg,Haas F1 Team,B6BABD,haas,Nico,Hulkenberg,Nico Hulkenberg,https://media.formula1.com/d_driver_fallback_image.png/content/dam/fom-website/drivers/N/NICHUL01_Nico_Hulkenberg/nichul01.png.transform/1col/image.png,GER,11.0,11,17.0,,,,0 days 00:00:30.824000,Finished,0.0,9,4.0,13.0,0.0,5.0,0.0,8.0,2024
20,K MAGNUSSEN,MAG,kevin_magnussen,Haas F1 Team,B6BABD,haas,Kevin,Magnussen,Kevin Magnussen,https://media.formula1.com/d_driver_fallback_image.png/content/dam/fom-website/drivers/K/KEVMAG01_Kevin_Magnussen/kevmag01.png.transform/1col/image.png,DEN,12.0,12,14.0,,,,0 days 00:00:31.253000,Finished,0.0,9,1.0,17.0,0.0,5.0,0.0,8.0,2024
77,V BOTTAS,BOT,bottas,Kick Sauber,52e252,sauber,Valtteri,Bottas,Valtteri Bottas,https://media.formula1.com/d_driver_fallback_image.png/content/dam/fom-website/drivers/V/VALBOT01_Valtteri_Bottas/valbot01.png.transform/1col/image.png,FIN,13.0,13,0.0,,,,0 days 00:00:40.487000,Finished,0.0,9,0.0,18.0,0.0,0.0,0.0,10.0,2024
22,Y TSUNODA,TSU,tsunoda,RB,6692FF,rb,Yuki,Tsunoda,Yuki Tsunoda,https://media.formula1.com/d_driver_fallback_image.png/content/dam/fom-website/drivers/Y/YUKTSU01_Yuki_Tsunoda/yuktsu01.png.transform/1col/image.png,JPN,14.0,14,8.0,,,,0 days 00:00:52.694000,Finished,0.0,9,18.0,10.0,0.0,22.0,0.0,6.0,2024
24,G ZHOU,ZHO,zhou,Kick Sauber,52e252,sauber,Guanyu,Zhou,Guanyu Zhou,https://media.formula1.com/d_driver_fallback_image.png/content/dam/fom-website/drivers/G/GUAZHO01_Guanyu_Zhou/guazho01.png.transform/1col/image.png,CHN,15.0,15,0.0,,,,,+1 Lap,0.0,9,0.0,19.0,0.0,0.0,0.0,10.0,2024
55,C SAINZ,SAI,sainz,Ferrari,E80020,ferrari,Carlos,Sainz,Carlos Sainz,https://media.formula1.com/d_driver_fallback_image.png/content/dam/fom-website/drivers/C/CARSAI01_Carlos_Sainz/carsai01.png.transform/1col/image.png,ESP,16.0,R,12.0,,,,,Collision,0.0,9,100.0,4.0,1.0,226.0,2.0,2.0,2024
23,A ALBON,ALB,albon,Williams,64C4FF,williams,Alexander,Albon,Alexander Albon,https://media.formula1.com/d_driver_fallback_image.png/content/dam/fom-website/drivers/A/ALEALB01_Alexander_Albon/alealb01.png.transform/1col/image.png,THA,17.0,R,10.0,,,,,Collision,0.0,9,2.0,16.0,0.0,2.0,0.0,9.0,2024
11,S PEREZ,PER,perez,Red Bull Racing,3671C6,red_bull,Sergio,Perez,Sergio Perez,https://media.formula1.com/d_driver_fallback_image.png/content/dam/fom-website/drivers/S/SERPER01_Sergio_Perez/serper01.png.transform/1col/image.png,MEX,18.0,R,16.0,,,,,Accident,0.0,9,95.0,5.0,0.0,273.0,5.0,1.0,2024
16,C LECLERC,LEC,leclerc,Ferrari,E80020,ferrari,Charles,Leclerc,Charles Leclerc,https://media.formula1.com/d_driver_fallback_image.png/content/dam/fom-website/drivers/C/CHALEC01_Charles_Leclerc/chalec01.png.transform/1col/image.png,MON,19.0,R,11.0,,,,,Engine,0.0,9,126.0,3.0,1.0,226.0,2.0,2.0,2024
2,L SARGEANT,SAR,sargeant,Williams,64C4FF,williams,Logan,Sargeant,Logan Sargeant,https://media.formula1.com/d_driver_fallback_image.png/content/dam/fom-website/drivers/L/LOGSAR01_Logan_Sargeant/logsar01.png.transform/1col/image.png,USA,20.0,R,13.0,,,,,Accident,0.0,9,0.0,20.0,0.0,2.0,0.0,9.0,2024
1,M VERSTAPPEN,VER,max_verstappen,Red Bull Racing,3671C6,red_bull,Max,Verstappen,Max Verstappen,https://media.formula1.com/d_driver_fallback_image.png/content/dam/fom-website/drivers/M/MAXVER01_Max_Verstappen/maxver01.png.transform/1col/image.png,NED,1.0,1,2.0,,,,0 days 01:28:20.227000,Finished,25.0,10,203.0,1.0,6.0,302.0,6.0,1.0,2024
4,L NORRIS,NOR,norris,McLaren,FF8000,mclaren,Lando,Norris,Lando Norris,https://media.formula1.com/d_driver_fallback_image.png/content/dam/fom-website/drivers/L/LANNOR01_Lando_Norris/lannor01.png.transform/1col/image.png,GBR,2.0,2,1.0,,,,0 days 00:00:02.219000,Finished,19.0,10,147.0,2.0,1.0,229.0,1.0,3.0,2024
44,L HAMILTON,HAM,hamilton,Mercedes,27F4D2,mercedes,Lewis,Hamilton,Lewis Hamilton,https://media.formula1.com/d_driver_fallback_image.png/content/dam/fom-website/drivers/L/LEWHAM01_Lewis_Hamilton/lewham01.png.transform/1col/image.png,GBR,3.0,3,3.0,,,,0 days 00:00:17.790000,Finished,15.0,10,63.0,8.0,0.0,143.0,0.0,4.0,2024
63,G RUSSELL,RUS,russell,Mercedes,27F4D2,mercedes,George,Russell,George Russell,https://media.formula1.com/d_driver_fallback_image.png/content/dam/fom-website/drivers/G/GEORUS01_George_Russell/georus01.png.transform/1col/image.png,GBR,4.0,4,4.0,,,,0 days 00:00:22.320000,Finished,12.0,10,80.0,7.0,0.0,143.0,0.0,4.0,2024
16,C LECLERC,LEC,leclerc,Ferrari,E80020,ferrari,Charles,Leclerc,Charles Leclerc,https://media.formula1.com/d_driver_fallback_image.png/content/dam/fom-website/drivers/C/CHALEC01_Charles_Leclerc/chalec01.png.transform/1col/image.png,MON,5.0,5,5.0,,,,0 days 00:00:22.709000,Finished,10.0,10,136.0,3.0,1.0,244.0,2.0,2.0,2024
55,C SAINZ,SAI,sainz,Ferrari,E80020,ferrari,Carlos,Sainz,Carlos Sainz,https://media.formula1.com/d_driver_fallback_image.png/content/dam/fom-website/drivers/C/CARSAI01_Carlos_Sainz/carsai01.png.transform/1col/image.png,ESP,6.0,6,6.0,,,,0 days 00:00:31.028000,Finished,8.0,10,108.0,4.0,1.0,244.0,2.0,2.0,2024
81,O PIASTRI,PIA,piastri,McLaren,FF8000,mclaren,Oscar,Piastri,Oscar Piastri,https://media.formula1.com/d_driver_fallback_image.png/content/dam/fom-website/drivers/O/OSCPIA01_Oscar_Piastri/oscpia01.png.transform/1col/image.png,AUS,7.0,7,9.0,,,,0 days 00:00:33.760000,Finished,6.0,10,82.0,6.0,0.0,229.0,1.0,3.0,2024
11,S PEREZ,PER,perez,Red Bull Racing,3671C6,red_bull,Sergio,Perez,Sergio Perez,https://media.formula1.com/d_driver_fallback_image.png/content/dam/fom-website/drivers/S/SERPER01_Sergio_Perez/serper01.png.transform/1col/image.png,MEX,8.0,8,11.0,,,,0 days 00:00:59.524000,Finished,4.0,10,99.0,5.0,0.0,302.0,6.0,1.0,2024
10,P GASLY,GAS,gasly,Alpine,0093cc,alpine,Pierre,Gasly,Pierre Gasly,https://media.formula1.com/d_driver_fallback_image.png/content/dam/fom-website/drivers/P/PIEGAS01_Pierre_Gasly/piegas01.png.transform/1col/image.png,FRA,9.0,9,7.0,,,,0 days 00:01:02.025000,Finished,2.0,10,5.0,12.0,0.0,8.0,0.0,7.0,2024
31,E OCON,OCO,ocon,Alpine,0093cc,alpine,Esteban,Ocon,Esteban Ocon,https://media.formula1.com/d_driver_fallback_image.png/content/dam/fom-website/drivers/E/ESTOCO01_Esteban_Ocon/estoco01.png.transform/1col/image.png,FRA,10.0,10,8.0,,,,0 days 00:01:11.889000,Finished,1.0,10,3.0,15.0,0.0,8.0,0.0,7.0,2024
27,N HULKENBERG,HUL,hulkenberg,Haas F1 Team,B6BABD,haas,Nico,Hulkenberg,Nico Hulkenberg,https://media.formula1.com/d_driver_fallback_image.png/content/dam/fom-website/drivers/N/NICHUL01_Nico_Hulkenberg/nichul01.png.transform/1col/image.png,GER,11.0,11,13.0,,,,0 days 00:01:19.215000,Finished,0.0,10,4.0,13.0,0.0,5.0,0.0,8.0,2024
14,F ALONSO,ALO,alonso,Aston Martin,229971,aston_martin,Fernando,Alonso,Fernando Alonso,https://media.formula1.com/d_driver_fallback_image.png/content/dam/fom-website/drivers/F/FERALO01_Fernando_Alonso/feralo01.png.transform/1col/image.png,ESP,12.0,12,10.0,,,,,+1 Lap,0.0,10,41.0,9.0,0.0,58.0,0.0,5.0,2024
24,G ZHOU,ZHO,zhou,Kick Sauber,52e252,sauber,Guanyu,Zhou,Guanyu Zhou,https://media.formula1.com/d_driver_fallback_image.png/content/dam/fom-website/drivers/G/GUAZHO01_Guanyu_Zhou/guazho01.png.transform/1col/image.png,CHN,13.0,13,15.0,,,,,+1 Lap,0.0,10,0.0,18.0,0.0,0.0,0.0,10.0,2024
18,L STROLL,STR,stroll,Aston Martin,229971,aston_martin,Lance,Stroll,Lance Stroll,https://media.formula1.com/d_driver_fallback_image.png/content/dam/fom-website/drivers/L/LANSTR01_Lance_Stroll/lanstr01.png.transform/1col/image.png,CAN,14.0,14,14.0,,,,,+1 Lap,0.0,10,17.0,11.0,0.0,58.0,0.0,5.0,2024
3,D RICCIARDO,RIC,ricciardo,RB,6692FF,rb,Daniel,Ricciardo,Daniel Ricciardo,https://media.formula1.com/d_driver_fallback_image.png/content/dam/fom-website/drivers/D/DANRIC01_Daniel_Ricciardo/danric01.png.transform/1col/image.png,AUS,15.0,15,18.0,,,,,+1 Lap,0.0,10,4.0,14.0,0.0,22.0,0.0,6.0,2024
77,V BOTTAS,BOT,bottas,Kick Sauber,52e252,sauber,Valtteri,Bottas,Valtteri Bottas,https://media.formula1.com/d_driver_fallback_image.png/content/dam/fom-website/drivers/V/VALBOT01_Valtteri_Bottas/valbot01.png.transform/1col/image.png,FIN,16.0,16,12.0,,,,,+1 Lap,0.0,10,0.0,19.0,0.0,0.0,0.0,10.0,2024
20,K MAGNUSSEN,MAG,kevin_magnussen,Haas F1 Team,B6BABD,haas,Kevin,Magnussen,Kevin Magnussen,https://media.formula1.com/d_driver_fallback_image.png/content/dam/fom-website/drivers/K/KEVMAG01_Kevin_Magnussen/kevmag01.png.transform/1col/image.png,DEN,17.0,17,16.0,,,,,+1 Lap,0.0,10,1.0,17.0,0.0,5.0,0.0,8.0,2024
23,A ALBON,ALB,albon,Williams,64C4FF,williams,Alexander,Albon,Alexander Albon,https://media.formula1.com/d_driver_fallback_image.png/content/dam/fom-website/drivers/A/ALEALB01_Alexander_Albon/alealb01.png.transform/1col/image.png,THA,18.0,18,0.0,,,,,+1 Lap,0.0,10,2.0,16.0,0.0,2.0,0.0,9.0,2024
22,Y TSUNODA,TSU,tsunoda,RB,6692FF,rb,Yuki,Tsunoda,Yuki Tsunoda,https://media.formula1.com/d_driver_fallback_image.png/content/dam/fom-website/drivers/Y/YUKTSU01_Yuki_Tsunoda/yuktsu01.png.transform/1col/image.png,JPN,19.0,19,17.0,,,,,+1 Lap,0.0,10,18.0,10.0,0.0,22.0,0.0,6.0,2024
2,L SARGEANT,SAR,sargeant,Williams,64C4FF,williams,Logan,Sargeant,Logan Sargeant,https://media.formula1.com/d_driver_fallback_image.png/content/dam/fom-website/drivers/L/LOGSAR01_Logan_Sargeant/logsar01.png.transform/1col/image.png,USA,20.0,20,19.0,,,,,+2 Laps,0.0,10,0.0,20.0,0.0,2.0,0.0,9.0,2024
63,G RUSSELL,RUS,russell,Mercedes,27F4D2,mercedes,George,Russell,George Russell,https://media.formula1.com/d_driver_fallback_image.png/content/dam/fom-website/drivers/G/GEORUS01_George_Russell/georus01.png.transform/1col/image.png,GBR,1.0,1,3.0,,,,0 days 01:24:22.798000,Finished,25.0,11,105.0,5.0,1.0,180.0,1.0,4.0,2024
81,O PIASTRI,PIA,piastri,McLaren,FF8000,mclaren,Oscar,Piastri,Oscar Piastri,https://media.formula1.com/d_driver_fallback_image.png/content/dam/fom-website/drivers/O/OSCPIA01_Oscar_Piastri/oscpia01.png.transform/1col/image.png,AUS,2.0,2,7.0,,,,0 days 00:00:01.906000,Finished,18.0,11,100.0,7.0,0.0,247.0,1.0,3.0,2024
55,C SAINZ,SAI,sainz,Ferrari,E80020,ferrari,Carlos,Sainz,Carlos Sainz,https://media.formula1.com/d_driver_fallback_image.png/content/dam/fom-website/drivers/C/CARSAI01_Carlos_Sainz/carsai01.png.transform/1col/image.png,ESP,3.0,3,4.0,,,,0 days 00:00:04.533000,Finished,15.0,11,123.0,4.0,1.0,259.0,2.0,2.0,2024
44,L HAMILTON,HAM,hamilton,Mercedes,27F4D2,mercedes,Lewis,Hamilton,Lewis Hamilton,https://media.formula1.com/d_driver_fallback_image.png/content/dam/fom-website/drivers/L/LEWHAM01_Lewis_Hamilton/lewham01.png.transform/1col/image.png,GBR,4.0,4,5.0,,,,0 days 00:00:23.142000,Finished,12.0,11,75.0,8.0,0.0,180.0,1.0,4.0,2024
1,M VERSTAPPEN,VER,max_verstappen,Red Bull Racing,3671C6,red_bull,Max,Verstappen,Max Verstappen,https://media.formula1.com/d_driver_fallback_image.png/content/dam/fom-website/drivers/M/MAXVER01_Max_Verstappen/maxver01.png.transform/1col/image.png,NED,5.0,5,1.0,,,,0 days 00:00:37.253000,Finished,10.0,11,213.0,1.0,6.0,318.0,6.0,1.0,2024
27,N HULKENBERG,HUL,hulkenberg,Haas F1 Team,B6BABD,haas,Nico,Hulkenberg,Nico Hulkenberg,https://media.formula1.com/d_driver_fallback_image.png/content/dam/fom-website/drivers/N/NICHUL01_Nico_Hulkenberg/nichul01.png.transform/1col/image.png,GER,6.0,6,9.0,,,,0 days 00:00:54.088000,Finished,8.0,11,12.0,12.0,0.0,17.0,0.0,7.0,2024
11,S PEREZ,PER,perez,Red Bull Racing,3671C6,red_bull,Sergio,Perez,Sergio Perez,https://media.formula1.com/d_driver_fallback_image.png/content/dam/fom-website/drivers/S/SERPER01_Sergio_Perez/serper01.png.transform/1col/image.png,MEX,7.0,7,8.0,,,,0 days 00:00:54.672000,Finished,6.0,11,105.0,6.0,0.0,318.0,6.0,1.0,2024
20,K MAGNUSSEN,MAG,kevin_magnussen,Haas F1 Team,B6BABD,haas,Kevin,Magnussen,Kevin Magnussen,https://media.formula1.com/d_driver_fallback_image.png/content/dam/fom-website/drivers/K/KEVMAG01_Kevin_Magnussen/kevmag01.png.transform/1col/image.png,DEN,8.0,8,12.0,,,,0 days 00:01:00.355000,Finished,4.0,11,5.0,15.0,0.0,17.0,0.0,7.0,2024
3,D RICCIARDO,RIC,ricciardo,RB,6692FF,rb,Daniel,Ricciardo,Daniel Ricciardo,https://media.formula1.com/d_driver_fallback_image.png/content/dam/fom-website/drivers/D/DANRIC01_Daniel_Ricciardo/danric01.png.transform/1col/image.png,AUS,9.0,9,11.0,,,,0 days 00:01:01.169000,Finished,2.0,11,6.0,13.0,0.0,24.0,0.0,6.0,2024
10,P GASLY,GAS,gasly,Alpine,0093cc,alpine,Pierre,Gasly,Pierre Gasly,https://media.formula1.com/d_driver_fallback_image.png/content/dam/fom-website/drivers/P/PIEGAS01_Pierre_Gasly/piegas01.png.transform/1col/image.png,FRA,10.0,10,13.0,,,,0 days 00:01:01.766000,Finished,1.0,11,6.0,14.0,0.0,9.0,0.0,8.0,2024
16,C LECLERC,LEC,leclerc,Ferrari,E80020,ferrari,Charles,Leclerc,Charles Leclerc,https://media.formula1.com/d_driver_fallback_image.png/content/dam/fom-website/drivers/C/CHALEC01_Charles_Leclerc/chalec01.png.transform/1col/image.png,MON,11.0,11,6.0,,,,0 days 00:01:07.056000,Finished,0.0,11,136.0,3.0,1.0,259.0,2.0,2.0,2024
31,E OCON,OCO,ocon,Alpine,0093cc,alpine,Esteban,Ocon,Esteban Ocon,https://media.formula1.com/d_driver_fallback_image.png/content/dam/fom-website/drivers/E/ESTOCO01_Esteban_Ocon/estoco01.png.transform/1col/image.png,FRA,12.0,12,10.0,,,,0 days 00:01:08.325000,Finished,0.0,11,3.0,16.0,0.0,9.0,0.0,8.0,2024
18,L STROLL,STR,stroll,Aston Martin,229971,aston_martin,Lance,Stroll,Lance Stroll,https://media.formula1.com/d_driver_fallback_image.png/content/dam/fom-website/drivers/L/LANSTR01_Lance_Stroll/lanstr01.png.transform/1col/image.png,CAN,13.0,13,17.0,,,,,+1 Lap,0.0,11,17.0,11.0,0.0,58.0,0.0,5.0,2024
22,Y TSUNODA,TSU,tsunoda,RB,6692FF,rb,Yuki,Tsunoda,Yuki Tsunoda,https://media.formula1.com/d_driver_fallback_image.png/content/dam/fom-website/drivers/Y/YUKTSU01_Yuki_Tsunoda/yuktsu01.png.transform/1col/image.png,JPN,14.0,14,14.0,,,,,+1 Lap,0.0,11,18.0,10.0,0.0,24.0,0.0,6.0,2024
23,A ALBON,ALB,albon,Williams,64C4FF,williams,Alexander,Albon,Alexander Albon,https://media.formula1.com/d_driver_fallback_image.png/content/dam/fom-website/drivers/A/ALEALB01_Alexander_Albon/alealb01.png.transform/1col/image.png,THA,15.0,15,16.0,,,,,+1 Lap,0.0,11,2.0,17.0,0.0,2.0,0.0,9.0,2024
77,V BOTTAS,BOT,bottas,Kick Sauber,52e252,sauber,Valtteri,Bottas,Valtteri Bottas,https://media.formula1.com/d_driver_fallback_image.png/content/dam/fom-website/drivers/V/VALBOT01_Valtteri_Bottas/valbot01.png.transform/1col/image.png,FIN,16.0,16,18.0,,,,,+1 Lap,0.0,11,0.0,18.0,0.0,0.0,0.0,10.0,2024
24,G ZHOU,ZHO,zhou,Kick Sauber,52e252,sauber,Guanyu,Zhou,Guanyu Zhou,https://media.formula1.com/d_driver_fallback_image.png/content/dam/fom-website/drivers/G/GUAZHO01_Guanyu_Zhou/guazho01.png.transform/1col/image.png,CHN,17.0,17,20.0,,,,,+1 Lap,0.0,11,0.0,19.0,0.0,0.0,0.0,10.0,2024
14,F ALONSO,ALO,alonso,Aston Martin,229971,aston_martin,Fernando,Alonso,Fernando Alonso,https://media.formula1.com/d_driver_fallback_image.png/content/dam/fom-website/drivers/F/FERALO01_Fernando_Alonso/feralo01.png.transform/1col/image.png,ESP,18.0,18,15.0,,,,,+1 Lap,0.0,11,41.0,9.0,0.0,58.0,0.0,5.0,2024
2,L SARGEANT,SAR,sargeant,Williams,64C4FF,williams,Logan,Sargeant,Logan Sargeant,https://media.formula1.com/d_driver_fallback_image.png/content/dam/fom-website/drivers/L/LOGSAR01_Logan_Sargeant/logsar01.png.transform/1col/image.png,USA,19.0,19,19.0,,,,,+2 Laps,0.0,11,0.0,20.0,0.0,2.0,0.0,9.0,2024
4,L NORRIS,NOR,norris,McLaren,FF8000,mclaren,Lando,Norris,Lando Norris,https://media.formula1.com/d_driver_fallback_image.png/content/dam/fom-website/drivers/L/LANNOR01_Lando_Norris/lannor01.png.transform/1col/image.png,GBR,20.0,20,2.0,,,,,+7 Laps,0.0,11,147.0,2.0,1.0,247.0,1.0,3.0,2024
44,L HAMILTON,HAM,hamilton,Mercedes,27F4D2,mercedes,Lewis,Hamilton,Lewis Hamilton,https://media.formula1.com/d_driver_fallback_image.png/content/dam/fom-website/drivers/L/LEWHAM01_Lewis_Hamilton/lewham01.png.transform/1col/image.png,GBR,1.0,1,2.0,,,,0 days 01:22:27.059000,Finished,25.0,12,100.0,8.0,1.0,205.0,2.0,4.0,2024
1,M VERSTAPPEN,VER,max_verstappen,Red Bull Racing,3671C6,red_bull,Max,Verstappen,Max Verstappen,https://media.formula1.com/d_driver_fallback_image.png/content/dam/fom-website/drivers/M/MAXVER01_Max_Verstappen/maxver01.png.transform/1col/image.png,NED,2.0,2,4.0,,,,0 days 00:00:01.465000,Finished,18.0,12,231.0,1.0,6.0,336.0,6.0,1.0,2024
4,L NORRIS,NOR,norris,McLaren,FF8000,mclaren,Lando,Norris,Lando Norris,https://media.formula1.com/d_driver_fallback_image.png/content/dam/fom-website/drivers/L/LANNOR01_Lando_Norris/lannor01.png.transform/1col/image.png,GBR,3.0,3,3.0,,,,0 days 00:00:07.547000,Finished,15.0,12,162.0,2.0,1.0,274.0,1.0,2.0,2024
81,O PIASTRI,PIA,piastri,McLaren,FF8000,mclaren,Oscar,Piastri,Oscar Piastri,https://media.formula1.com/d_driver_fallback_image.png/content/dam/fom-website/drivers/O/OSCPIA01_Oscar_Piastri/oscpia01.png.transform/1col/image.png,AUS,4.0,4,5.0,,,,0 days 00:00:12.429000,Finished,12.0,12,112.0,5.0,0.0,274.0,1.0,2.0,2024
55,C SAINZ,SAI,sainz,Ferrari,E80020,ferrari,Carlos,Sainz,Carlos Sainz,https://media.formula1.com/d_driver_fallback_image.png/content/dam/fom-website/drivers/C/CARSAI01_Carlos_Sainz/carsai01.png.transform/1col/image.png,ESP,5.0,5,7.0,,,,0 days 00:00:47.318000,Finished,11.0,12,134.0,4.0,1.0,270.0,2.0,3.0,2024
27,N HULKENBERG,HUL,hulkenberg,Haas F1 Team,B6BABD,haas,Nico,Hulkenberg,Nico Hulkenberg,https://media.formula1.com/d_driver_fallback_image.png/content/dam/fom-website/drivers/N/NICHUL01_Nico_Hulkenberg/nichul01.png.transform/1col/image.png,GER,6.0,6,6.0,,,,0 days 00:00:55.722000,Finished,8.0,12,20.0,11.0,0.0,25.0,0.0,6.0,2024
18,L STROLL,STR,stroll,Aston Martin,229971,aston_martin,Lance,Stroll,Lance Stroll,https://media.formula1.com/d_driver_fallback_image.png/content/dam/fom-website/drivers/L/LANSTR01_Lance_Stroll/lanstr01.png.transform/1col/image.png,CAN,7.0,7,8.0,,,,0 days 00:00:56.569000,Finished,6.0,12,23.0,10.0,0.0,68.0,0.0,5.0,2024
14,F ALONSO,ALO,alonso,Aston Martin,229971,aston_martin,Fernando,Alonso,Fernando Alonso,https://media.formula1.com/d_driver_fallback_image.png/content/dam/fom-website/drivers/F/FERALO01_Fernando_Alonso/feralo01.png.transform/1col/image.png,ESP,8.0,8,10.0,,,,0 days 00:01:03.577000,Finished,4.0,12,45.0,9.0,0.0,68.0,0.0,5.0,2024
23,A ALBON,ALB,albon,Williams,64C4FF,williams,Alexander,Albon,Alexander Albon,https://media.formula1.com/d_driver_fallback_image.png/content/dam/fom-website/drivers/A/ALEALB01_Alexander_Albon/alealb01.png.transform/1col/image.png,THA,9.0,9,9.0,,,,0 days 00:01:08.387000,Finished,2.0,12,4.0,16.0,0.0,4.0,0.0,9.0,2024
22,Y TSUNODA,TSU,tsunoda,RB,6692FF,rb,Yuki,Tsunoda,Yuki Tsunoda,https://media.formula1.com/d_driver_fallback_image.png/content/dam/fom-website/drivers/Y/YUKTSU01_Yuki_Tsunoda/yuktsu01.png.transform/1col/image.png,JPN,10.0,10,13.0,,,,0 days 00:01:19.303000,Finished,1.0,12,19.0,12.0,0.0,25.0,0.0,7.0,2024
2,L SARGEANT,SAR,sargeant,Williams,64C4FF,williams,Logan,Sargeant,Logan Sargeant,https://media.formula1.com/d_driver_fallback_image.png/content/dam/fom-website/drivers/L/LOGSAR01_Logan_Sargeant/logsar01.png.transform/1col/image.png,USA,11.0,11,12.0,,,,0 days 00:01:28.960000,Finished,0.0,12,0.0,18.0,0.0,4.0,0.0,9.0,2024
20,K MAGNUSSEN,MAG,kevin_magnussen,Haas F1 Team,B6BABD,haas,Kevin,Magnussen,Kevin Magnussen,https://media.formula1.com/d_driver_fallback_image.png/content/dam/fom-website/drivers/K/KEVMAG01_Kevin_Magnussen/kevmag01.png.transform/1col/image.png,DEN,12.0,12,17.0,,,,0 days 00:01:30.153000,Finished,0.0,12,5.0,15.0,0.0,25.0,0.0,6.0,2024
3,D RICCIARDO,RIC,ricciardo,RB,6692FF,rb,Daniel,Ricciardo,Daniel Ricciardo,https://media.formula1.com/d_driver_fallback_image.png/content/dam/fom-website/drivers/D/DANRIC01_Daniel_Ricciardo/danric01.png.transform/1col/image.png,AUS,13.0,13,15.0,,,,,+1 Lap,0.0,12,6.0,13.0,0.0,25.0,0.0,7.0,2024
16,C LECLERC,LEC,leclerc,Ferrari,E80020,ferrari,Charles,Leclerc,Charles Leclerc,https://media.formula1.com/d_driver_fallback_image.png/content/dam/fom-website/drivers/C/CHALEC01_Charles_Leclerc/chalec01.png.transform/1col/image.png,MON,14.0,14,11.0,,,,,+1 Lap,0.0,12,136.0,3.0,1.0,270.0,2.0,3.0,2024
77,V BOTTAS,BOT,bottas,Kick Sauber,52e252,sauber,Valtteri,Bottas,Valtteri Bottas,https://media.formula1.com/d_driver_fallback_image.png/content/dam/fom-website/drivers/V/VALBOT01_Valtteri_Bottas/valbot01.png.transform/1col/image.png,FIN,15.0,15,16.0,,,,,+1 Lap,0.0,12,0.0,19.0,0.0,0.0,0.0,10.0,2024
31,E OCON,OCO,ocon,Alpine,0093cc,alpine,Esteban,Ocon,Esteban Ocon,https://media.formula1.com/d_driver_fallback_image.png/content/dam/fom-website/drivers/E/ESTOCO01_Esteban_Ocon/estoco01.png.transform/1col/image.png,FRA,16.0,16,18.0,,,,,+2 Laps,0.0,12,3.0,17.0,0.0,9.0,0.0,8.0,2024
11,S PEREZ,PER,perez,Red Bull Racing,3671C6,red_bull,Sergio,Perez,Sergio Perez,https://media.formula1.com/d_driver_fallback_image.png/content/dam/fom-website/drivers/S/SERPER01_Sergio_Perez/serper01.png.transform/1col/image.png,MEX,17.0,17,0.0,,,,,+2 Laps,0.0,12,105.0,6.0,0.0,336.0,6.0,1.0,2024
24,G ZHOU,ZHO,zhou,Kick Sauber,52e252,sauber,Guanyu,Zhou,Guanyu Zhou,https://media.formula1.com/d_driver_fallback_image.png/content/dam/fom-website/drivers/G/GUAZHO01_Guanyu_Zhou/guazho01.png.transform/1col/image.png,CHN,18.0,18,14.0,,,,,+2 Laps,0.0,12,0.0,20.0,0.0,0.0,0.0,10.0,2024
63,G RUSSELL,RUS,russell,Mercedes,27F4D2,mercedes,George,Russell,George Russell,https://media.formula1.com/d_driver_fallback_image.png/content/dam/fom-website/drivers/G/GEORUS01_George_Russell/georus01.png.transform/1col/image.png,GBR,19.0,R,1.0,,,,,Water pressure,0.0,12,105.0,7.0,1.0,205.0,2.0,4.0,2024
10,P GASLY,GAS,gasly,Alpine,0093cc,alpine,Pierre,Gasly,Pierre Gasly,https://media.formula1.com/d_driver_fallback_image.png/content/dam/fom-website/drivers/P/PIEGAS01_Pierre_Gasly/piegas01.png.transform/1col/image.png,FRA,20.0,W,19.0,,,,,Gearbox,0.0,12,6.0,14.0,0.0,9.0,0.0,8.0,2024
81,O PIASTRI,PIA,piastri,McLaren,FF8000,mclaren,Oscar,Piastri,Oscar Piastri,https://media.formula1.com/d_driver_fallback_image.png/content/dam/fom-website/drivers/O/OSCPIA01_Oscar_Piastri/oscpia01.png.transform/1col/image.png,AUS,1.0,1,2.0,,,,0 days 01:38:01.989000,Finished,25.0,13,137.0,5.0,1.0,317.0,2.0,2.0,2024
4,L NORRIS,NOR,norris,McLaren,FF8000,mclaren,Lando,Norris,Lando Norris,https://media.formula1.com/d_driver_fallback_image.png/content/dam/fom-website/drivers/L/LANNOR01_Lando_Norris/lannor01.png.transform/1col/image.png,GBR,2.0,2,1.0,,,,0 days 00:00:02.141000,Finished,18.0,13,180.0,2.0,1.0,317.0,2.0,2.0,2024
44,L HAMILTON,HAM,hamilton,Mercedes,27F4D2,mercedes,Lewis,Hamilton,Lewis Hamilton,https://media.formula1.com/d_driver_fallback_image.png/content/dam/fom-website/drivers/L/LEWHAM01_Lewis_Hamilton/lewham01.png.transform/1col/image.png,GBR,3.0,3,5.0,,,,0 days 00:00:14.880000,Finished,15.0,13,115.0,6.0,1.0,225.0,2.0,4.0,2024
16,C LECLERC,LEC,leclerc,Ferrari,E80020,ferrari,Charles,Leclerc,Charles Leclerc,https://media.formula1.com/d_driver_fallback_image.png/content/dam/fom-website/drivers/C/CHALEC01_Charles_Leclerc/chalec01.png.transform/1col/image.png,MON,4.0,4,6.0,,,,0 days 00:00:19.686000,Finished,12.0,13,148.0,3.0,1.0,290.0,2.0,3.0,2024
1,M VERSTAPPEN,VER,max_verstappen,Red Bull Racing,3671C6,red_bull,Max,Verstappen,Max Verstappen,https://media.formula1.com/d_driver_fallback_image.png/content/dam/fom-website/drivers/M/MAXVER01_Max_Verstappen/maxver01.png.transform/1col/image.png,NED,5.0,5,3.0,,,,0 days 00:00:21.349000,Finished,10.0,13,241.0,1.0,6.0,352.0,6.0,1.0,2024
55,C SAINZ,SAI,sainz,Ferrari,E80020,ferrari,Carlos,Sainz,Carlos Sainz,https://media.formula1.com/d_driver_fallback_image.png/content/dam/fom-website/drivers/C/CARSAI01_Carlos_Sainz/carsai01.png.transform/1col/image.png,ESP,6.0,6,4.0,,,,0 days 00:00:23.073000,Finished,8.0,13,142.0,4.0,1.0,290.0,2.0,3.0,2024
11,S PEREZ,PER,perez,Red Bull Racing,3671C6,red_bull,Sergio,Perez,Sergio Perez,https://media.formula1.com/d_driver_fallback_image.png/content/dam/fom-website/drivers/S/SERPER01_Sergio_Perez/serper01.png.transform/1col/image.png,MEX,7.0,7,16.0,,,,0 days 00:00:39.792000,Finished,6.0,13,111.0,7.0,0.0,352.0,6.0,1.0,2024
63,G RUSSELL,RUS,russell,Mercedes,27F4D2,mercedes,George,Russell,George Russell,https://media.formula1.com/d_driver_fallback_image.png/content/dam/fom-website/drivers/G/GEORUS01_George_Russell/georus01.png.transform/1col/image.png,GBR,8.0,8,17.0,,,,0 days 00:00:42.368000,Finished,5.0,13,110.0,8.0,1.0,225.0,2.0,4.0,2024
22,Y TSUNODA,TSU,tsunoda,RB,6692FF,rb,Yuki,Tsunoda,Yuki Tsunoda,https://media.formula1.com/d_driver_fallback_image.png/content/dam/fom-website/drivers/Y/YUKTSU01_Yuki_Tsunoda/yuktsu01.png.transform/1col/image.png,JPN,9.0,9,10.0,,,,0 days 00:01:17.259000,Finished,2.0,13,21.0,11.0,0.0,27.0,0.0,6.0,2024
18,L STROLL,STR,stroll,Aston Martin,229971,aston_martin,Lance,Stroll,Lance Stroll,https://media.formula1.com/d_driver_fallback_image.png/content/dam/fom-website/drivers/L/LANSTR01_Lance_Stroll/lanstr01.png.transform/1col/image.png,CAN,10.0,10,8.0,,,,0 days 00:01:17.976000,Finished,1.0,13,24.0,10.0,0.0,69.0,0.0,5.0,2024
14,F ALONSO,ALO,alonso,Aston Martin,229971,aston_martin,Fernando,Alonso,Fernando Alonso,https://media.formula1.com/d_driver_fallback_image.png/content/dam/fom-website/drivers/F/FERALO01_Fernando_Alonso/feralo01.png.transform/1col/image.png,ESP,11.0,11,7.0,,,,0 days 00:01:22.460000,Finished,0.0,13,45.0,9.0,0.0,69.0,0.0,5.0,2024
3,D RICCIARDO,RIC,ricciardo,RB,6692FF,rb,Daniel,Ricciardo,Daniel Ricciardo,https://media.formula1.com/d_driver_fallback_image.png/content/dam/fom-website/drivers/D/DANRIC01_Daniel_Ricciardo/danric01.png.transform/1col/image.png,AUS,12.0,12,9.0,,,,,+1 Lap,0.0,13,6.0,13.0,0.0,27.0,0.0,6.0,2024
27,N HULKENBERG,HUL,hulkenberg,Haas F1 Team,B6BABD,haas,Nico,Hulkenberg,Nico Hulkenberg,https://media.formula1.com/d_driver_fallback_image.png/content/dam/fom-website/drivers/N/NICHUL01_Nico_Hulkenberg/nichul01.png.transform/1col/image.png,GER,13.0,13,11.0,,,,,+1 Lap,0.0,13,20.0,12.0,0.0,25.0,0.0,7.0,2024
23,A ALBON,ALB,albon,Williams,64C4FF,williams,Alexander,Albon,Alexander Albon,https://media.formula1.com/d_driver_fallback_image.png/content/dam/fom-website/drivers/A/ALEALB01_Alexander_Albon/alealb01.png.transform/1col/image.png,THA,14.0,14,13.0,,,,,+1 Lap,0.0,13,4.0,16.0,0.0,4.0,0.0,9.0,2024
20,K MAGNUSSEN,MAG,kevin_magnussen,Haas F1 Team,B6BABD,haas,Kevin,Magnussen,Kevin Magnussen,https://media.formula1.com/d_driver_fallback_image.png/content/dam/fom-website/drivers/K/KEVMAG01_Kevin_Magnussen/kevmag01.png.transform/1col/image.png,DEN,15.0,15,15.0,,,,,+1 Lap,0.0,13,5.0,15.0,0.0,25.0,0.0,7.0,2024
77,V BOTTAS,BOT,bottas,Kick Sauber,52e252,sauber,Valtteri,Bottas,Valtteri Bottas,https://media.formula1.com/d_driver_fallback_image.png/content/dam/fom-website/drivers/V/VALBOT01_Valtteri_Bottas/valbot01.png.transform/1col/image.png,FIN,16.0,16,12.0,,,,,+1 Lap,0.0,13,0.0,18.0,0.0,0.0,0.0,10.0,2024
2,L SARGEANT,SAR,sargeant,Williams,64C4FF,williams,Logan,Sargeant,Logan Sargeant,https://media.formula1.com/d_driver_fallback_image.png/content/dam/fom-website/drivers/L/LOGSAR01_Logan_Sargeant/logsar01.png.transform/1col/image.png,USA,17.0,17,14.0,,,,,+1 Lap,0.0,13,0.0,19.0,0.0,4.0,0.0,9.0,2024
31,E OCON,OCO,ocon,Alpine,0093cc,alpine,Esteban,Ocon,Esteban Ocon,https://media.formula1.com/d_driver_fallback_image.png/content/dam/fom-website/drivers/E/ESTOCO01_Esteban_Ocon/estoco01.png.transform/1col/image.png,FRA,18.0,18,19.0,,,,,+1 Lap,0.0,13,3.0,17.0,0.0,9.0,0.0,8.0,2024
24,G ZHOU,ZHO,zhou,Kick Sauber,52e252,sauber,Guanyu,Zhou,Guanyu Zhou,https://media.formula1.com/d_driver_fallback_image.png/content/dam/fom-website/drivers/G/GUAZHO01_Guanyu_Zhou/guazho01.png.transform/1col/image.png,CHN,19.0,19,18.0,,,,,+1 Lap,0.0,13,0.0,20.0,0.0,0.0,0.0,10.0,2024
10,P GASLY,GAS,gasly,Alpine,0093cc,alpine,Pierre,Gasly,Pierre Gasly,https://media.formula1.com/d_driver_fallback_image.png/content/dam/fom-website/drivers/P/PIEGAS01_Pierre_Gasly/piegas01.png.transform/1col/image.png,FRA,20.0,R,0.0,,,,,Hydraulics,0.0,13,6.0,14.0,0.0,9.0,0.0,8.0,2024
44,L HAMILTON,HAM,hamilton,Mercedes,27F4D2,mercedes,Lewis,Hamilton,Lewis Hamilton,https://media.formula1.com/d_driver_fallback_image.png/content/dam/fom-website/drivers/L/LEWHAM01_Lewis_Hamilton/lewham01.png.transform/1col/image.png,GBR,1.0,1,3.0,,,,0 days 00:00:00.526000,Finished,25.0,14,140.0,6.0,2.0,250.0,3.0,4.0,2024
81,O PIASTRI,PIA,piastri,McLaren,FF8000,mclaren,Oscar,Piastri,Oscar Piastri,https://media.formula1.com/d_driver_fallback_image.png/content/dam/fom-website/drivers/O/OSCPIA01_Oscar_Piastri/oscpia01.png.transform/1col/image.png,AUS,2.0,2,5.0,,,,0 days 00:00:01.173000,Finished,18.0,14,155.0,4.0,1.0,345.0,2.0,2.0,2024
16,C LECLERC,LEC,leclerc,Ferrari,E80020,ferrari,Charles,Leclerc,Charles Leclerc,https://media.formula1.com/d_driver_fallback_image.png/content/dam/fom-website/drivers/C/CHALEC01_Charles_Leclerc/chalec01.png.transform/1col/image.png,MON,3.0,3,1.0,,,,0 days 00:00:08.549000,Finished,15.0,14,163.0,3.0,1.0,313.0,2.0,3.0,2024
1,M VERSTAPPEN,VER,max_verstappen,Red Bull Racing,3671C6,red_bull,Max,Verstappen,Max Verstappen,https://media.formula1.com/d_driver_fallback_image.png/content/dam/fom-website/drivers/M/MAXVER01_Max_Verstappen/maxver01.png.transform/1col/image.png,NED,4.0,4,11.0,,,,0 days 00:00:09.226000,Finished,12.0,14,253.0,1.0,6.0,371.0,6.0,1.0,2024
4,L NORRIS,NOR,norris,McLaren,FF8000,mclaren,Lando,Norris,Lando Norris,https://media.formula1.com/d_driver_fallback_image.png/content/dam/fom-website/drivers/L/LANNOR01_Lando_Norris/lannor01.png.transform/1col/image.png,GBR,5.0,5,4.0,,,,0 days 00:00:09.850000,Finished,10.0,14,190.0,2.0,1.0,345.0,2.0,2.0,2024
55,C SAINZ,SAI,sainz,Ferrari,E80020,ferrari,Carlos,Sainz,Carlos Sainz,https://media.formula1.com/d_driver_fallback_image.png/content/dam/fom-website/drivers/C/CARSAI01_Carlos_Sainz/carsai01.png.transform/1col/image.png,ESP,6.0,6,7.0,,,,0 days 00:00:19.795000,Finished,8.0,14,150.0,5.0,1.0,313.0,2.0,3.0,2024
11,S PEREZ,PER,perez,Red Bull Racing,3671C6,red_bull,Sergio,Perez,Sergio Perez,https://media.formula1.com/d_driver_fallback_image.png/content/dam/fom-website/drivers/S/SERPER01_Sergio_Perez/serper01.png.transform/1col/image.png,MEX,7.0,7,2.0,,,,0 days 00:00:43.195000,Finished,7.0,14,118.0,7.0,0.0,371.0,6.0,1.0,2024
14,F ALONSO,ALO,alonso,Aston Martin,229971,aston_martin,Fernando,Alonso,Fernando Alonso,https://media.formula1.com/d_driver_fallback_image.png/content/dam/fom-website/drivers/F/FERALO01_Fernando_Alonso/feralo01.png.transform/1col/image.png,ESP,8.0,8,8.0,,,,0 days 00:00:49.963000,Finished,4.0,14,49.0,9.0,0.0,73.0,0.0,5.0,2024
31,E OCON,OCO,ocon,Alpine,0093cc,alpine,Esteban,Ocon,Esteban Ocon,https://media.formula1.com/d_driver_fallback_image.png/content/dam/fom-website/drivers/E/ESTOCO01_Esteban_Ocon/estoco01.png.transform/1col/image.png,FRA,9.0,9,9.0,,,,0 days 00:00:52.552000,Finished,2.0,14,5.0,15.0,0.0,11.0,0.0,8.0,2024
3,D RICCIARDO,RIC,ricciardo,RB,6692FF,rb,Daniel,Ricciardo,Daniel Ricciardo,https://media.formula1.com/d_driver_fallback_image.png/content/dam/fom-website/drivers/D/DANRIC01_Daniel_Ricciardo/danric01.png.transform/1col/image.png,AUS,10.0,10,13.0,,,,0 days 00:00:54.926000,Finished,1.0,14,7.0,13.0,0.0,28.0,0.0,6.0,2024
18,L STROLL,STR,stroll,Aston Martin,229971,aston_martin,Lance,Stroll,Lance Stroll,https://media.formula1.com/d_driver_fallback_image.png/content/dam/fom-website/drivers/L/LANSTR01_Lance_Stroll/lanstr01.png.transform/1col/image.png,CAN,11.0,11,15.0,,,,0 days 00:01:03.011000,Finished,0.0,14,24.0,10.0,0.0,73.0,0.0,5.0,2024
23,A ALBON,ALB,albon,Williams,64C4FF,williams,Alexander,Albon,Alexander Albon,https://media.formula1.com/d_driver_fallback_image.png/content/dam/fom-website/drivers/A/ALEALB01_Alexander_Albon/alealb01.png.transform/1col/image.png,THA,12.0,12,10.0,,,,0 days 00:01:03.651000,Finished,0.0,14,4.0,17.0,0.0,4.0,0.0,9.0,2024
10,P GASLY,GAS,gasly,Alpine,0093cc,alpine,Pierre,Gasly,Pierre Gasly,https://media.formula1.com/d_driver_fallback_image.png/content/dam/fom-website/drivers/P/PIEGAS01_Pierre_Gasly/piegas01.png.transform/1col/image.png,FRA,13.0,13,12.0,,,,0 days 00:01:04.365000,Finished,0.0,14,6.0,14.0,0.0,11.0,0.0,8.0,2024
20,K MAGNUSSEN,MAG,kevin_magnussen,Haas F1 Team,B6BABD,haas,Kevin,Magnussen,Kevin Magnussen,https://media.formula1.com/d_driver_fallback_image.png/content/dam/fom-website/drivers/K/KEVMAG01_Kevin_Magnussen/kevmag01.png.transform/1col/image.png,DEN,14.0,14,17.0,,,,0 days 00:01:06.631000,Finished,0.0,14,5.0,16.0,0.0,25.0,0.0,7.0,2024
77,V BOTTAS,BOT,bottas,Kick Sauber,52e252,sauber,Valtteri,Bottas,Valtteri Bottas,https://media.formula1.com/d_driver_fallback_image.png/content/dam/fom-website/drivers/V/VALBOT01_Valtteri_Bottas/valbot01.png.transform/1col/image.png,FIN,15.0,15,14.0,,,,0 days 00:01:10.638000,Finished,0.0,14,0.0,18.0,0.0,0.0,0.0,10.0,2024
22,Y TSUNODA,TSU,tsunoda,RB,6692FF,rb,Yuki,Tsunoda,Yuki Tsunoda,https://media.formula1.com/d_driver_fallback_image.png/content/dam/fom-website/drivers/Y/YUKTSU01_Yuki_Tsunoda/yuktsu01.png.transform/1col/image.png,JPN,16.0,16,20.0,,,,0 days 00:01:16.737000,Finished,0.0,14,21.0,11.0,0.0,28.0,0.0,6.0,2024
2,L SARGEANT,SAR,sargeant,Williams,64C4FF,williams,Logan,Sargeant,Logan Sargeant,https://media.formula1.com/d_driver_fallback_image.png/content/dam/fom-website/drivers/L/LOGSAR01_Logan_Sargeant/logsar01.png.transform/1col/image.png,USA,17.0,17,18.0,,,,0 days 00:01:26.057000,Finished,0.0,14,0.0,19.0,0.0,4.0,0.0,9.0,2024
27,N HULKENBERG,HUL,hulkenberg,Haas F1 Team,B6BABD,haas,Nico,Hulkenberg,Nico Hulkenberg,https://media.formula1.com/d_driver_fallback_image.png/content/dam/fom-website/drivers/N/NICHUL01_Nico_Hulkenberg/nichul01.png.transform/1col/image.png,GER,18.0,18,16.0,,,,0 days 00:01:28.833000,Finished,0.0,14,20.0,12.0,0.0,25.0,0.0,7.0,2024
24,G ZHOU,ZHO,zhou,Kick Sauber,52e252,sauber,Guanyu,Zhou,Guanyu Zhou,https://media.formula1.com/d_driver_fallback_image.png/content/dam/fom-website/drivers/G/GUAZHO01_Guanyu_Zhou/guazho01.png.transform/1col/image.png,CHN,19.0,R,19.0,,,,,Retired,0.0,14,0.0,20.0,0.0,0.0,0.0,10.0,2024
63,G RUSSELL,RUS,russell,Mercedes,27F4D2,mercedes,George,Russell,George Russell,https://media.formula1.com/d_driver_fallback_image.png/content/dam/fom-website/drivers/G/GEORUS01_George_Russell/georus01.png.transform/1col/image.png,GBR,20.0,D,6.0,,,,0 days 01:19:57.040000,Disqualified,0.0,14,110.0,8.0,1.0,250.0,3.0,4.0,2024
4,L NORRIS,NOR,norris,McLaren,FF8000,mclaren,Lando,Norris,Lando Norris,https://media.formula1.com/d_driver_fallback_image.png/content/dam/fom-website/drivers/L/LANNOR01_Lando_Norris/lannor01.png.transform/1col/image.png,GBR,1.0,1,1.0,,,,0 days 01:30:45.519000,Finished,26.0,15,216.0,2.0,2.0,383.0,3.0,2.0,2024
1,M VERSTAPPEN,VER,max_verstappen,Red Bull Racing,3671C6,red_bull,Max,Verstappen,Max Verstappen,https://media.formula1.com/d_driver_fallback_image.png/content/dam/fom-website/drivers/M/MAXVER01_Max_Verstappen/maxver01.png.transform/1col/image.png,NED,2.0,2,2.0,,,,0 days 00:00:22.896000,Finished,18.0,15,271.0,1.0,6.0,397.0,6.0,1.0,2024
16,C LECLERC,LEC,leclerc,Ferrari,E80020,ferrari,Charles,Leclerc,Charles Leclerc,https://media.formula1.com/d_driver_fallback_image.png/content/dam/fom-website/drivers/C/CHALEC01_Charles_Leclerc/chalec01.png.transform/1col/image.png,MON,3.0,3,6.0,,,,0 days 00:00:25.439000,Finished,15.0,15,178.0,3.0,1.0,338.0,2.0,3.0,2024
81,O PIASTRI,PIA,piastri,McLaren,FF8000,mclaren,Oscar,Piastri,Oscar Piastri,https://media.formula1.com/d_driver_fallback_image.png/content/dam/fom-website/drivers/O/OSCPIA01_Oscar_Piastri/oscpia01.png.transform/1col/image.png,AUS,4.0,4,3.0,,,,0 days 00:00:27.337000,Finished,12.0,15,167.0,4.0,1.0,383.0,3.0,2.0,2024
55,C SAINZ,SAI,sainz,Ferrari,E80020,ferrari,Carlos,Sainz,Carlos Sainz,https://media.formula1.com/d_driver_fallback_image.png/content/dam/fom-website/drivers/C/CARSAI01_Carlos_Sainz/carsai01.png.transform/1col/image.png,ESP,5.0,5,10.0,,,,0 days 00:00:32.137000,Finished,10.0,15,160.0,5.0,1.0,338.0,2.0,3.0,2024
11,S PEREZ,PER,perez,Red Bull Racing,3671C6,red_bull,Sergio,Perez,Sergio Perez,https://media.formula1.com/d_driver_fallback_image.png/content/dam/fom-website/drivers/S/SERPER01_Sergio_Perez/serper01.png.transform/1col/image.png,MEX,6.0,6,5.0,,,,0 days 00:00:39.542000,Finished,8.0,15,126.0,7.0,0.0,397.0,6.0,1.0,2024
63,G RUSSELL,RUS,russell,Mercedes,27F4D2,mercedes,George,Russell,George Russell,https://media.formula1.com/d_driver_fallback_image.png/content/dam/fom-website/drivers/G/GEORUS01_George_Russell/georus01.png.transform/1col/image.png,GBR,7.0,7,4.0,,,,0 days 00:00:44.617000,Finished,6.0,15,116.0,8.0,1.0,260.0,3.0,4.0,2024
44,L HAMILTON,HAM,hamilton,Mercedes,27F4D2,mercedes,Lewis,Hamilton,Lewis Hamilton,https://media.formula1.com/d_driver_fallback_image.png/content/dam/fom-website/drivers/L/LEWHAM01_Lewis_Hamilton/lewham01.png.transform/1col/image.png,GBR,8.0,8,14.0,,,,0 days 00:00:49.599000,Finished,4.0,15,144.0,6.0,2.0,260.0,3.0,4.0,2024
10,P GASLY,GAS,gasly,Alpine,0093cc,alpine,Pierre,Gasly,Pierre Gasly,https://media.formula1.com/d_driver_fallback_image.png/content/dam/fom-website/drivers/P/PIEGAS01_Pierre_Gasly/piegas01.png.transform/1col/image.png,FRA,9.0,9,9.0,,,,,+1 Lap,2.0,15,8.0,13.0,0.0,13.0,0.0,8.0,2024
14,F ALONSO,ALO,alonso,Aston Martin,229971,aston_martin,Fernando,Alonso,Fernando Alonso,https://media.formula1.com/d_driver_fallback_image.png/content/dam/fom-website/drivers/F/FERALO01_Fernando_Alonso/feralo01.png.transform/1col/image.png,ESP,10.0,10,7.0,,,,,+1 Lap,1.0,15,50.0,9.0,0.0,74.0,0.0,5.0,2024
27,N HULKENBERG,HUL,hulkenberg,Haas F1 Team,B6BABD,haas,Nico,Hulkenberg,Nico Hulkenberg,https://media.formula1.com/d_driver_fallback_image.png/content/dam/fom-website/drivers/N/NICHUL01_Nico_Hulkenberg/nichul01.png.transform/1col/image.png,GER,11.0,11,12.0,,,,,+1 Lap,0.0,15,20.0,12.0,0.0,25.0,0.0,7.0,2024
3,D RICCIARDO,RIC,ricciardo,RB,6692FF,rb,Daniel,Ricciardo,Daniel Ricciardo,https://media.formula1.com/d_driver_fallback_image.png/content/dam/fom-website/drivers/D/DANRIC01_Daniel_Ricciardo/danric01.png.transform/1col/image.png,AUS,12.0,12,13.0,,,,,+1 Lap,0.0,15,7.0,14.0,0.0,28.0,0.0,6.0,2024
18,L STROLL,STR,stroll,Aston Martin,229971,aston_martin,Lance,Stroll,Lance Stroll,https://media.formula1.com/d_driver_fallback_image.png/content/dam/fom-website/drivers/L/LANSTR01_Lance_Stroll/lanstr01.png.transform/1col/image.png,CAN,13.0,13,8.0,,,,,+1 Lap,0.0,15,24.0,10.0,0.0,74.0,0.0,5.0,2024
23,A ALBON,ALB,albon,Williams,64C4FF,williams,Alexander,Albon,Alexander Albon,https://media.formula1.com/d_driver_fallback_image.png/content/dam/fom-website/drivers/A/ALEALB01_Alexander_Albon/alealb01.png.transform/1col/image.png,THA,14.0,14,19.0,,,,,+1 Lap,0.0,15,4.0,17.0,0.0,4.0,0.0,9.0,2024
31,E OCON,OCO,ocon,Alpine,0093cc,alpine,Esteban,Ocon,Esteban Ocon,https://media.formula1.com/d_driver_fallback_image.png/content/dam/fom-website/drivers/E/ESTOCO01_Esteban_Ocon/estoco01.png.transform/1col/image.png,FRA,15.0,15,15.0,,,,,+1 Lap,0.0,15,5.0,15.0,0.0,13.0,0.0,8.0,2024
2,L SARGEANT,SAR,sargeant,Williams,64C4FF,williams,Logan,Sargeant,Logan Sargeant,https://media.formula1.com/d_driver_fallback_image.png/content/dam/fom-website/drivers/L/LOGSAR01_Logan_Sargeant/logsar01.png.transform/1col/image.png,USA,16.0,16,18.0,,,,,+1 Lap,0.0,15,0.0,18.0,0.0,4.0,0.0,9.0,2024
22,Y TSUNODA,TSU,tsunoda,RB,6692FF,rb,Yuki,Tsunoda,Yuki Tsunoda,https://media.formula1.com/d_driver_fallback_image.png/content/dam/fom-website/drivers/Y/YUKTSU01_Yuki_Tsunoda/yuktsu01.png.transform/1col/image.png,JPN,17.0,17,11.0,,,,,+1 Lap,0.0,15,21.0,11.0,0.0,28.0,0.0,6.0,2024
20,K MAGNUSSEN,MAG,kevin_magnussen,Haas F1 Team,B6BABD,haas,Kevin,Magnussen,Kevin Magnussen,https://media.formula1.com/d_driver_fallback_image.png/content/dam/fom-website/drivers/K/KEVMAG01_Kevin_Magnussen/kevmag01.png.transform/1col/image.png,DEN,18.0,18,0.0,,,,,+1 Lap,0.0,15,5.0,16.0,0.0,25.0,0.0,7.0,2024
77,V BOTTAS,BOT,bottas,Kick Sauber,52e252,sauber,Valtteri,Bottas,Valtteri Bottas,https://media.formula1.com/d_driver_fallback_image.png/content/dam/fom-website/drivers/V/VALBOT01_Valtteri_Bottas/valbot01.png.transform/1col/image.png,FIN,19.0,19,16.0,,,,,+2 Laps,0.0,15,0.0,19.0,0.0,0.0,0.0,10.0,2024
24,G ZHOU,ZHO,zhou,Kick Sauber,52e252,sauber,Guanyu,Zhou,Guanyu Zhou,https://media.formula1.com/d_driver_fallback_image.png/content/dam/fom-website/drivers/G/GUAZHO01_Guanyu_Zhou/guazho01.png.transform/1col/image.png,CHN,20.0,20,17.0,,,,,+2 Laps,0.0,15,0.0,20.0,0.0,0.0,0.0,10.0,2024
